-- ============================================================================
-- Phase 5 — Seed Data
-- Generated by scripts/generate-phase5-seed.ts from src/lib/data/*.ts
-- Idempotent: safe to re-run.
-- ============================================================================

BEGIN;

-- company_profile (single row)
INSERT INTO public.company_profile (id, name, mission, vision, history, certificates, contact)
VALUES ('default', '{"fa":"شرکت مهندسی فراتک (خودرو سبز)","en":"Faratech Engineering Company"}'::jsonb, '{"fa":"تسهیل امور و زندگی معلولان، بالابردن سطح صنعت در کشور، ساخت مجموعه‌ی حرفه‌ای"}'::jsonb, '{"fa":"بومی‌سازی صنعت تجهیزات پزشکی در کشور با بالاترین فناوری روز دنیا، دست‌اندازی به بخش‌های دیگر صنایع مهندسی کشور مانند جک‌های پالت، استاکر، ماشین‌آلات صنعتی"}'::jsonb, '{"fa":"ابتدا بنیانگذاران شرکت را جهت تولید خودرو، موتور و اسکوترهای برقی در سطح جهانی تأسیس کردند. به‌واسطه نیازمندی‌های آن زمان و فضای درآمدسازی بهتر، به تولید ویلچرهای برقی روی آوردند. ویلچرهای فاتح ۱۱۰ شرکت فراتک با محبوبیت زیاد روبه‌رو شد و ویلچرهای چینی را برای مدتی طولانی از بازار ایران حذف کرد. شرکت روزبه‌روز پیشرفت کرد و به تولید باکیفیت و علمی در سطح جهانی ادامه داد. ویلچرها طراحی‌های منحصربه‌فردی دارند که در دنیا شبیه ندارد و از نظر فنی، قدرتی و مهندسی در سطح جهانی هستند. شرکت به‌صورت انحصاری بخش عمده‌ای از واردات قطعات و ویلچرهای خاص را انجام می‌دهد و در میان بهترین واردکنندگان بازار ایران قرار دارد. محصولات از بهترین قطعات تایوانی مانند موتور، کامپیوتر، جوی‌استیک و چرخ‌ها بهره می‌برند، اما طراحی، تولید و ساخت کاملاً متعلق به خود شرکت است. این شرکت از سال ۱۳۷۹ با رویکرد طراحی و تولید تجهیزات پزشکی و توانبخشی، در تلاش برای تسهیل فعالیت‌های روزمره جانبازان، معلولان و سالمندان بوده و با ارائه محصولات باکیفیت و خدمات پس از فروش مطلوب، نامی آشنا در صنعت توانبخشی کشور است. همچنین با بررسی بازارهای هدف خارج از ایران، به‌دنبال فراگیر کردن برند خود در سطح جهانی است."}'::jsonb, '[{"name":"کارت بازرگانی (اتاق بازرگانی و صنایع و معادن ایران)"},{"name":"پروانه ساخت اداره کل (آیمد، سازمان غذا و دارو)"},{"name":"ISO 13485"}]'::jsonb, '{"phones":["021-77516927","021-77516928","09195372663"],"emails":["faratech-ev@gmail.com","faratech.co@gmail.com"],"address":{"fa":"تهران، خیابان شریعتی، بالاتر از خیابان سمیّه، پلاک ۱۰۶، دفتر مرکزی شرکت مهندسی فراتک"},"social":{"instagram":"faratech.co","whatsapp":"989195372663","bale":"989195372663"}}'::jsonb)
ON CONFLICT (id) DO UPDATE SET
  name = EXCLUDED.name, mission = EXCLUDED.mission, vision = EXCLUDED.vision,
  history = EXCLUDED.history, certificates = EXCLUDED.certificates, contact = EXCLUDED.contact;

-- category_copy
INSERT INTO public.category_copy (slug, category_key, title, short_description, full_description, usage, target_audience) VALUES (
  'power-wheelchairs', 'POWER_WHEELCHAIRS'::public.product_category_key,
  '{"fa":"ویلچرهای برقی"}'::jsonb,
  '{"fa":"ویلچرهای برقی فراتک با هدف افزایش استقلال حرکتی، راحتی کاربر و پاسخگویی به نیازهای مختلف توانبخشی طراحی و عرضه می‌شوند. این محصولات در مدل‌های متنوع تاشو و مبله، با امکانات و تجهیزات مختلف، برای استفاده در محیط‌های داخلی، فضاهای شهری و شرایط تخصصی‌تر قابل ارائه هستند. بهره‌گیری از قطعات باکیفیت وارداتی، طراحی مهندسی‌شده و امکان انتخاب تجهیزات متناسب با نیاز هر کاربر، از ویژگی‌های اصلی ویلچرهای برقی فراتک است."}'::jsonb,
  '{"fa":"ویلچرهای برقی فراتک راهکاری پیشرفته برای افرادی هستند که به دنبال استقلال بیشتر، راحتی بالاتر و قابلیت جابجایی بدون نیاز به نیروی فیزیکی هستند. این محصولات با تکیه بر رویکرد مهندسی و استفاده از قطعات باکیفیت وارداتی، برای پاسخگویی به نیازهای متنوع کاربران در شرایط مختلف طراحی و عرضه می‌شوند. سبد محصولات ویلچر برقی فراتک شامل مدل‌های تاشو و مبله با امکانات متنوع است که هر یک متناسب با شرایط فیزیکی، سطح فعالیت و محیط استفاده کاربر قابل انتخاب هستند. طراحی و کیفیت ساخت: در طراحی ویلچرهای برقی فراتک، عواملی مانند پایداری، ایمنی، راحتی کاربر و قابلیت اطمینان در اولویت قرار دارند. بسیاری از قطعات اصلی از جمله جوی‌استیک کنترل، موتور، سیستم کنترل الکترونیکی، چرخ‌ها و بخش قابل توجهی از تجهیزات فنی از تولیدکنندگان معتبر تایوانی و بین‌المللی تأمین می‌شوند تا عملکردی پایدار و قابل اعتماد در استفاده روزمره فراهم شود. تنوع در پیکربندی: ویلچرهای برقی فراتک با توجه به نیاز کاربران در پیکربندی‌های مختلف قابل عرضه هستند، از جمله:مدل‌های تاشو و قابل حمل، مدل‌های مبله با شاسی تقویت‌شده، صندلی‌های استاندارد و XL، بدنه فولادی یا آلومینیومی، چرخ‌های بادی یا توپر، باتری‌های UPS و لیتیومی، موتورهای با توان‌های مختلف، جوی‌استیک و سیستم‌های کنترل متنوع، چراغ و تجهیزات روشنایی، دسته‌ها و جاپایی‌های ارتوپدی، سیستم‌های تنظیم ارتفاع و جک برقی، مدل‌های ایستا (Standing) ،رنگ‌بندی و تجهیزات سفارشی. این تنوع امکان انتخاب ویلچری متناسب با شرایط جسمی، سبک زندگی و نیازهای درمانی هر کاربر را فراهم می‌کند. عملکرد و قابلیت حرکت :مدل‌های مختلف ویلچر برقی فراتک از نظر قدرت موتور، ظرفیت باتری، ابعاد چرخ‌ها و توان عبور از موانع در سطوح مختلفی عرضه می‌شوند. برخی مدل‌ها برای استفاده روزمره در محیط‌های داخلی طراحی شده‌اند و برخی دیگر با بهره‌گیری از چرخ‌های بزرگ‌تر، سیستم تعلیق مناسب‌تر و توان حرکتی بالاتر، قابلیت حرکت در مسیرهای شهری، سطوح ناهموار و فضاهای باز را دارند. رویکرد فراتک: فراتک تلاش می‌کند در کنار ارائه محصولات متنوع، راهکار مناسب هر کاربر را بر اساس نیاز واقعی او پیشنهاد دهد. به همین دلیل انتخاب تجهیزات، مشخصات فنی و امکانات هر ویلچر با در نظر گرفتن شرایط استفاده، میزان تحرک مورد نیاز و راحتی بلندمدت کاربر انجام می‌شود."}'::jsonb,
  '{"fa":"ویلچرهای برقی برای افرادی طراحی شده‌اند که نیاز به جابجایی مستقل با حداقل فشار فیزیکی دارند. این محصولات در محیط‌های خانگی، مراکز درمانی، فضاهای شهری، محیط‌های کاری، مراکز آموزشی و فعالیت‌های روزمره کاربرد دارند و بسته به نوع تجهیز می‌توانند برای استفاده داخل ساختمان یا تردد در فضاهای باز و مسیرهای ناهموار مورد استفاده قرار گیرند."}'::jsonb,
  '{"fa":"کاربران دارای محدودیت حرکتی موقت یا دائمی، کاربران نیازمند جابجایی مستقل در طول روز، سالمندان با توان حرکتی محدود، افراد دارای آسیب‌های نخاعی و بیماری‌های عصبی-عضلانی، مراکز توانبخشی و درمانی، مراکز نگهداری و مراقبتی، سازمان‌ها و مجموعه‌های ارائه‌دهنده خدمات توانبخشی، کاربرانی که به امکانات تخصصی مانند سیستم ایستا، جک برقی یا تجهیزات ارتوپدی نیاز دارند."}'::jsonb
) ON CONFLICT (slug) DO UPDATE SET
  category_key = EXCLUDED.category_key,
  title = EXCLUDED.title,
  short_description = EXCLUDED.short_description,
  full_description = EXCLUDED.full_description,
  usage = EXCLUDED.usage,
  target_audience = EXCLUDED.target_audience;
INSERT INTO public.category_copy (slug, category_key, title, short_description, full_description, usage, target_audience) VALUES (
  'manual-wheelchairs', 'MANUAL_WHEELCHAIRS'::public.product_category_key,
  '{"fa":"ویلچرهای دستی"}'::jsonb,
  '{"fa":"ویلچرهای دستی فراتک با تکیه بر دانش مهندسی و تجربه تخصصی در حوزه تجهیزات توانبخشی، برای پاسخگویی به نیازهای متنوع کاربران طراحی و عرضه می‌شوند. این محصولات در مدل‌های استاندارد و اسپرت، با امکان انتخاب شاسی فولادی یا آلومینیومی، ابعاد مختلف و انواع چرخ، قابلیت تطبیق با شرایط و نیازهای گوناگون را دارند. تمرکز فراتک بر ارائه محصولاتی با کیفیت ساخت مناسب، دوام بالا، راحتی کاربر و عملکرد قابل اعتماد در استفاده روزمره و تخصصی است."}'::jsonb,
  '{"fa":"ویلچرهای دستی فراتک با تمرکز بر اصول مهندسی، دوام سازه، ارگونومی و قابلیت سفارشی‌سازی طراحی و تولید می‌شوند؛ این محصولات با هدف پاسخگویی به نیاز طیف گسترده‌ای از کاربران، از استفاده روزمره تا کاربردهای تخصصی و ورزشی، توسعه یافته‌اند. در فراتک، انتخاب ویلچر تنها به ابعاد یا ظاهر محصول محدود نمی‌شود؛ هر ویلچر بر اساس شرایط فیزیکی کاربر، محیط استفاده و سطح فعالیت مورد انتظار قابل پیکربندی است تا بهترین تعادل میان راحتی، استحکام و عملکرد حاصل شود. ساختار و متریال: شاسی مهم‌ترین بخش هر ویلچر است و تأثیر مستقیمی بر دوام، وزن و کیفیت حرکت دارد. ویلچرهای دستی فراتک بسته به نیاز مشتری با دو نوع ساختار اصلی عرضه می‌شوند: شاسی فولادی: شاسی‌های فولادی به دلیل استحکام بالا و مقاومت مناسب در استفاده مداوم، گزینه‌ای قابل اعتماد برای کاربردهای روزمره، مراکز درمانی و استفاده طولانی‌مدت محسوب می‌شوند. ویژگی‌ها: استحکام مکانیکی بالا، دوام طولانی، قابلیت تحمل بار مناسب، هزینه نگهداری پایین. شاسی آلومینیومی: مدل‌های آلومینیومی با هدف کاهش وزن و بهبود سهولت جابجایی طراحی شده‌اند و برای کاربران فعال‌تر گزینه مناسبی هستند. ویژگی‌ها: وزن کمتر نسبت به مدل‌های فولادی، سهولت حمل و نقل، مقاومت مناسب در برابر خوردگی، راندمان حرکتی بهتر. ابعاد و ارگونومی: ویلچرهای دستی فراتک در ابعاد استاندارد و XL تولید یا عرضه می‌شوند تا نیاز کاربران با شرایط فیزیکی متفاوت را پوشش دهند. طراحی ابعاد نشیمن، پشتی و موقعیت قرارگیری کاربر بر اساس اصول ارگونومی انجام شده تا علاوه بر راحتی، پایداری و کنترل مناسب ویلچر نیز حفظ شود. انواع چرخ و پیکربندی حرکتی - بسته به نوع کاربرد، امکان انتخاب انواع مختلف چرخ وجود دارد: چرخ توپر بدون نیاز به نگهداری و مقاوم در برابر پنچری، چرخ بادی مجهز به رینگ رانش برای حرکت نرم‌تر و راحت‌تر، چرخ توپر مجهز به رینگ رانش برای ترکیب دوام و سهولت استفاده. این تنوع امکان انتخاب ویلچر متناسب با شرایط محیطی و سبک استفاده هر کاربر را فراهم می‌کند. ویلچرهای اسپرت فراتک: برای کاربران فعال و ورزشکاران، فراتک ویلچرهای اسپرت را نیز در سبد محصولات خود ارائه می‌دهد. در این مدل‌ها هندسه شاسی، توزیع وزن، موقعیت نشیمن و ساختار چرخ‌ها با هدف افزایش چابکی، کاهش اتلاف انرژی و بهبود کنترل طراحی شده است؛ نتیجه این رویکرد، ویلچری سبک‌تر، سریع‌تر و پاسخگوتر در حرکت است. ویلچرهای اسپرت فراتک می‌توانند برای استفاده روزمره فعال، تمرینات ورزشی و کاربردهای تخصصی مورد استفاده قرار گیرند. راهکارهای تخصصی‌تر: علاوه بر محصولات تولیدی، فراتک امکان تأمین ویلچرهای تخصصی وارداتی از جمله مدل‌های فوق سبک، ویلچرهای حرفه‌ای ورزشی و نمونه‌های ساخته شده از مواد پیشرفته مانند فیبر کربن را نیز فراهم کرده است تا کاربران بتوانند متناسب با نیاز خود از میان طیف گسترده‌ای از راهکارهای حرکتی انتخاب کنند. رویکرد فراتک: تمرکز اصلی فراتک بر ارائه راهکارهای مهندسی‌شده در حوزه تجهیزات توانبخشی است؛ به همین دلیل در انتخاب یا طراحی هر محصول، عواملی مانند کیفیت ساخت، دوام، قابلیت اطمینان، راحتی کاربر و امکان سفارشی‌سازی در اولویت قرار می‌گیرند. هدف ما ارائه محصولی است که علاوه بر عملکرد مناسب در روز اول، در استفاده مستمر و طولانی‌مدت نیز پاسخگوی نیاز کاربر باقی بماند."}'::jsonb,
  '{"fa":"ویلچرهای دستی یکی از پرکاربردترین تجهیزات توانبخشی هستند که برای جابجایی ایمن و راحت افراد دارای محدودیت حرکتی مورد استفاده قرار می‌گیرند. این محصولات در محیط‌های خانگی، مراکز درمانی، بیمارستان‌ها، مراکز توانبخشی، فضاهای عمومی و فعالیت‌های روزمره کاربرد دارند. بسته به نوع طراحی و پیکربندی، ویلچرهای دستی می‌توانند برای استفاده موقت، بلندمدت یا فعالیت‌های تخصصی و ورزشی مورد استفاده قرار گیرند."}'::jsonb,
  '{"fa":"ویلچرهای دستی فراتک برای طیف گسترده‌ای از کاربران طراحی و عرضه می‌شوند از جمله افراد دارای محدودیت حرکتی موقت یا دائمی، سالمندان نیازمند به جابجایی آسان‌تر، مراکز درمانی بیمارستان‌ها و کلینیک‌ها، مراکز توانبخشی و مراقبتی، کاربران فعال و مستقل در زندگی روزمره، ورزشکاران و کاربران نیازمند ویلچرهای اسپرت، سازمان‌ها و مجموعه‌های ارائه‌دهنده خدمات درمانی و توانبخشی. تنوع در ابعاد، متریال و تجهیزات جانبی این امکان را فراهم می‌کند که هر کاربر متناسب با نیازهای خود، گزینه مناسب را انتخاب کند."}'::jsonb
) ON CONFLICT (slug) DO UPDATE SET
  category_key = EXCLUDED.category_key,
  title = EXCLUDED.title,
  short_description = EXCLUDED.short_description,
  full_description = EXCLUDED.full_description,
  usage = EXCLUDED.usage,
  target_audience = EXCLUDED.target_audience;
INSERT INTO public.category_copy (slug, category_key, title, short_description, full_description, usage, target_audience) VALUES (
  'shower-wheelchairs', 'MOBILITY_AIDS'::public.product_category_key,
  '{"fa":"ویلچرهای حمامی"}'::jsonb,
  '{"fa":"ویلچرهای حمام و توالت فراتک برای تسهیل امور بهداشتی، استحمام و جابجایی ایمن افراد دارای محدودیت حرکتی طراحی شده‌اند. این محصولات با ساختار مقاوم در برابر رطوبت، طراحی کاربردی و استفاده از قطعات باکیفیت تایوانی، امکان استفاده راحت در محیط‌های بهداشتی و مرطوب را فراهم می‌کنند."}'::jsonb,
  '{"fa":"ویلچرهای حمام و توالت فراتک با هدف افزایش راحتی کاربر و تسهیل فرآیند مراقبت‌های روزمره طراحی و عرضه می‌شوند. این محصولات امکان استفاده در محیط‌های مرطوب، حمام و سرویس بهداشتی را فراهم کرده و نیاز به جابجایی‌های مکرر کاربر را کاهش می‌دهند. در طراحی این ویلچرها عواملی مانند ایمنی، پایداری، سهولت نظافت، مقاومت در برابر رطوبت و راحتی کاربر در اولویت قرار گرفته است. ساختار مقاوم، تجهیزات مناسب برای محیط‌های مرطوب و طراحی ارگونومیک نشیمن، استفاده طولانی‌مدت از محصول را آسان‌تر می‌کند. ویلچرهای حمام و توالت فراتک در مدل‌های مختلف و با امکانات متنوع عرضه می‌شوند تا متناسب با شرایط فیزیکی و نیازهای مراقبتی هر کاربر انتخاب شوند. همچنین بخش مهمی از قطعات از جمله چرخ‌ها و مجموعه نشیمن از تأمین‌کنندگان معتبر تایوانی انتخاب می‌شوند که به دلیل کیفیت ساخت، دوام و عملکرد مناسب، از گزینه‌های شناخته‌شده در این حوزه محسوب می‌شوند."}'::jsonb,
  '{"fa":"استفاده در حمام و محیط‌های مرطوب، استفاده در سرویس‌های بهداشتی فرنگی، جابجایی ایمن کاربران دارای محدودیت حرکتی، استفاده در مراکز درمانی و توانبخشی، استفاده در مراکز نگهداری و مراقبتی، کمک به انجام امور بهداشتی روزمره با سهولت بیشتر، کاهش نیاز به انتقال‌های مکرر کاربر بین تجهیزات مختلف."}'::jsonb,
  '{"fa":"افراد دارای محدودیت حرکتی موقت یا دائمی، سالمندان نیازمند کمک در امور بهداشتی، افراد دارای آسیب‌های نخاعی و بیماری‌های عصبی-عضلانی، مراکز توانبخشی و فیزیوتراپی، بیمارستان‌ها و مراکز درمانی، مراکز نگهداری سالمندان، مراقبین و خانواده‌هایی که از افراد دارای محدودیت حرکتی نگهداری می‌کنند."}'::jsonb
) ON CONFLICT (slug) DO UPDATE SET
  category_key = EXCLUDED.category_key,
  title = EXCLUDED.title,
  short_description = EXCLUDED.short_description,
  full_description = EXCLUDED.full_description,
  usage = EXCLUDED.usage,
  target_audience = EXCLUDED.target_audience;
INSERT INTO public.category_copy (slug, category_key, title, short_description, full_description, usage, target_audience) VALUES (
  'patient-lifts', 'MOBILITY_AIDS'::public.product_category_key,
  '{"fa":"بالابرهای بیمار"}'::jsonb,
  '{"fa":"لیفت‌های انتقال بیمار فراتک برای جابجایی ایمن و کنترل‌شده افراد دارای محدودیت حرکتی طراحی شده‌اند. این محصولات با هدف کاهش فشار فیزیکی بر بیمار و مراقب، امکان انتقال راحت بین تخت، ویلچر، سرویس بهداشتی و سایر موقعیت‌های روزمره را فراهم می‌کنند."}'::jsonb,
  '{"fa":"لیفت‌های انتقال بیمار فراتک راهکاری تخصصی برای جابجایی ایمن افراد دارای محدودیت حرکتی در محیط‌های خانگی، مراکز درمانی و مراکز مراقبتی هستند. این تجهیزات با هدف کاهش خطر آسیب‌های ناشی از جابجایی دستی و افزایش ایمنی بیمار و مراقب طراحی و تولید می‌شوند. سبد محصولات فراتک شامل انواع لیفت‌های بیمار با کاربردهای مختلف است؛ از لیفت‌های انتقال بیمار مجهز به بازو و سیستم بالابر برای جابجایی بین تخت، ویلچر و سایر تجهیزات، تا سیستم‌های بالابر صندلی که امکان بلند کردن یا تغییر ارتفاع کاربر را با کنترل آسان فراهم می‌کنند. در طراحی این محصولات عواملی مانند پایداری سازه، سهولت استفاده، ایمنی در حین انتقال، کیفیت قطعات و راحتی کاربر در اولویت قرار گرفته است. استفاده از ساختار مهندسی‌شده، مکانیزم‌های مطمئن انتقال و طراحی مناسب باعث می‌شود فرآیند جابجایی با کمترین فشار و بیشترین اطمینان انجام شود. لیفت‌های فراتک در مدل‌ها و ظرفیت‌های مختلف عرضه می‌شوند تا متناسب با شرایط جسمی کاربر، محیط استفاده و نیازهای مراقبتی انتخاب شوند."}'::jsonb,
  '{"fa":"انتقال بیمار بین تخت و ویلچر، انتقال بیمار به سرویس بهداشتی یا حمام، کمک به جابجایی افراد دارای محدودیت حرکتی شدید، کاهش فشار فیزیکی بر مراقبین و کادر درمان، استفاده در منازل، مراکز درمانی و توانبخشی، افزایش ایمنی در فرآیند جابجایی بیمار، کمک به مراقبت روزمره از سالمندان و بیماران."}'::jsonb,
  '{"fa":"افراد دارای محدودیت حرکتی شدید، افراد دارای آسیب‌های نخاعی، سالمندان نیازمند مراقبت مستمر، بیماران بستری در منزل، مراکز توانبخشی و فیزیوتراپی، بیمارستان‌ها و مراکز درمانی، مراکز نگهداری سالمندان، مراقبین و خانواده‌های درگیر با جابجایی روزانه بیمار."}'::jsonb
) ON CONFLICT (slug) DO UPDATE SET
  category_key = EXCLUDED.category_key,
  title = EXCLUDED.title,
  short_description = EXCLUDED.short_description,
  full_description = EXCLUDED.full_description,
  usage = EXCLUDED.usage,
  target_audience = EXCLUDED.target_audience;
INSERT INTO public.category_copy (slug, category_key, title, short_description, full_description, usage, target_audience) VALUES (
  'mobility-scooters', 'MOBILITY_AIDS'::public.product_category_key,
  '{"fa":"اسکوترهای حرکتی"}'::jsonb,
  '{"fa":"اسکوترهای برقی فراتک راهکاری کاربردی برای افزایش استقلال حرکتی افراد دارای محدودیت در راه رفتن یا خستگی ناشی از جابجایی‌های طولانی هستند. این محصولات با طراحی پایدار، کنترل آسان و امکانات متنوع، برای استفاده روزمره در محیط‌های داخلی و فضاهای شهری طراحی شده‌اند و امکان تردد راحت و ایمن را برای کاربران فراهم می‌کنند."}'::jsonb,
  '{"fa":"اسکوترهای برقی فراتک با هدف فراهم کردن تحرک مستقل، راحت و ایمن برای افرادی طراحی شده‌اند که توانایی راه رفتن طولانی‌مدت را ندارند یا برای جابجایی روزمره به کمک نیاز دارند. این محصولات ترکیبی از راحتی، پایداری و سهولت استفاده را ارائه می‌دهند و برای استفاده در محیط‌های شهری، مراکز خرید، مجموعه‌های درمانی، فضاهای عمومی و محیط‌های مسکونی مناسب هستند. در طراحی اسکوترهای برقی فراتک، عواملی مانند راحتی نشیمن، پایداری در حرکت، شعاع گردش مناسب، سهولت کنترل و قابلیت اطمینان در استفاده روزمره مورد توجه قرار گرفته است. صندلی‌های راحت، سیستم فرمان ساده، تجهیزات روشنایی، سبد حمل وسایل و امکانات جانبی مختلف، تجربه استفاده از محصول را بهبود می‌بخشند. اسکوترهای برقی فراتک در مدل‌های مختلف با ابعاد، ظرفیت باتری، قدرت موتور، امکانات رفاهی و مشخصات حرکتی متنوع عرضه می‌شوند تا کاربران بتوانند متناسب با شرایط فیزیکی، محیط استفاده و نیازهای روزمره خود گزینه مناسب را انتخاب کنند."}'::jsonb,
  '{"fa":"جابجایی روزمره در محیط‌های شهری، تردد در مراکز خرید و فضاهای عمومی، استفاده در مجتمع‌های مسکونی و محوطه‌های بزرگ، استفاده در مراکز درمانی و توانبخشی، کمک به حفظ استقلال حرکتی کاربران، کاهش خستگی ناشی از راه رفتن طولانی‌مدت، جابجایی راحت در محیط‌های داخلی و خارجی."}'::jsonb,
  '{"fa":"سالمندان دارای محدودیت در راه رفتن، افراد دارای مشکلات حرکتی خفیف تا متوسط، کاربران نیازمند جابجایی مستقل در فواصل طولانی، افراد در دوران نقاهت و بازتوانی، مراکز درمانی و توانبخشی، مجتمع‌های اقامتی و مراقبتی، افرادی که به دنبال وسیله‌ای راحت برای تردد روزمره هستند."}'::jsonb
) ON CONFLICT (slug) DO UPDATE SET
  category_key = EXCLUDED.category_key,
  title = EXCLUDED.title,
  short_description = EXCLUDED.short_description,
  full_description = EXCLUDED.full_description,
  usage = EXCLUDED.usage,
  target_audience = EXCLUDED.target_audience;

-- products
INSERT INTO public.products (id, slug, category_key, code, name, series, description, short_description, features, status)
VALUES (
  'seed:beta25',
  'beta25',
  'POWER_WHEELCHAIRS'::public.product_category_key,
  'Beta-beta25',
  'ویلچر برقی بتا 25',
  '{"fa":"Foldable Power Wheelchairs","en":"Foldable Power Wheelchairs"}'::jsonb,
  '{"fa":"بتا 25 به عنوان یک ویلچر برقی با قابلیت حمل و نقل آسان طراحی شده است. این دستگاه با بهره‌گیری از دو موتور ۲۵۰ وات تایوان و سیستم کنترلر پیشرفته DYNAMIC یا P&G، امکان حرکت ایمن در شیب‌های تا ۱۲ درصد و حمل کاربرانی با وزن تا ۹۵ کیلوگرم را فراهم می‌آورد. طراحی تاشو و قابلیت تنظیم ارتفاع زیرآرنجی و زیرپایی، آن را به گزینه‌ای ایده‌آل برای استفاده‌های روزمره و جابه‌جایی تبدیل کرده است."}'::jsonb,
  '{"fa":"ویلچر برقی تاشو بتا 25، با دو موتور ۲۵۰ وات ساخت تایوان و کنترلر DYNAMIC / P&G."}'::jsonb,
  '[{"fa":"قابلیت تاشو با باتری"},{"fa":"زیر آرنجی متحرک (قابل تنظیم ارتفاع)"},{"fa":"زیرپایی متحرک (قابل تنظیم ارتفاع)"},{"fa":"سیستم کنترلر DYNAMIC یا P&G"}]'::jsonb,
  'PUBLISHED'::public.product_status
) ON CONFLICT (slug) DO UPDATE SET
  category_key = EXCLUDED.category_key,
  code = EXCLUDED.code,
  name = EXCLUDED.name,
  series = EXCLUDED.series,
  description = EXCLUDED.description,
  short_description = EXCLUDED.short_description,
  features = EXCLUDED.features,
  status = EXCLUDED.status;
DELETE FROM public.specification_groups WHERE product_id = (SELECT id FROM public.products WHERE slug = 'beta25');
DELETE FROM public.certifications      WHERE product_id = (SELECT id FROM public.products WHERE slug = 'beta25');
DELETE FROM public.faq_items           WHERE product_id = (SELECT id FROM public.products WHERE slug = 'beta25');
INSERT INTO public.specification_groups (id, product_id, key, label, position) VALUES (
  'seed:beta25:technical',
  (SELECT id FROM public.products WHERE slug = 'beta25'),
  'technical',
  '{"fa":"مشخصات فنی","en":"Technical Specifications"}'::jsonb,
  0
);
INSERT INTO public.specification_items (id, group_id, key, label, value, position) VALUES (
  'seed:beta25:technical:weight',
  'seed:beta25:technical',
  'weight',
  '{"fa":"وزن","en":"Weight"}'::jsonb,
  '{"fa":"۴۹ کیلوگرم"}'::jsonb,
  0
);
INSERT INTO public.specification_items (id, group_id, key, label, value, position) VALUES (
  'seed:beta25:technical:capacity',
  'seed:beta25:technical',
  'capacity',
  '{"fa":"تحمل وزن","en":"Weight Capacity"}'::jsonb,
  '{"fa":"۹۵ کیلوگرم"}'::jsonb,
  1
);
INSERT INTO public.specification_items (id, group_id, key, label, value, position) VALUES (
  'seed:beta25:technical:dimensions',
  'seed:beta25:technical',
  'dimensions',
  '{"fa":"ابعاد دستگاه","en":"Dimensions"}'::jsonb,
  '{"fa":"طول ۱۰۵ × عرض ۶۰ × ارتفاع ۹۲ سانتی‌متر"}'::jsonb,
  2
);
INSERT INTO public.specification_items (id, group_id, key, label, value, position) VALUES (
  'seed:beta25:technical:motor_type',
  'seed:beta25:technical',
  'motor_type',
  '{"fa":"نوع موتور","en":"Motor Type"}'::jsonb,
  '{"fa":"دو موتور DC"}'::jsonb,
  3
);
INSERT INTO public.specification_items (id, group_id, key, label, value, position) VALUES (
  'seed:beta25:technical:motor_power',
  'seed:beta25:technical',
  'motor_power',
  '{"fa":"قدرت موتور","en":"Motor Power"}'::jsonb,
  '{"fa":"۲ × ۲۵۰ وات (ساخت تایوان)"}'::jsonb,
  4
);
INSERT INTO public.specification_items (id, group_id, key, label, value, position) VALUES (
  'seed:beta25:technical:voltage',
  'seed:beta25:technical',
  'voltage',
  '{"fa":"ولتاژ","en":"Voltage"}'::jsonb,
  '{"fa":"۱۲ ولت"}'::jsonb,
  5
);
INSERT INTO public.specification_items (id, group_id, key, label, value, position) VALUES (
  'seed:beta25:technical:battery_capacity',
  'seed:beta25:technical',
  'battery_capacity',
  '{"fa":"ظرفیت باتری","en":"Battery Capacity"}'::jsonb,
  '{"fa":"۱۸ یا ۲۲ آمپر ساعت (۲ عدد)"}'::jsonb,
  6
);
INSERT INTO public.specification_items (id, group_id, key, label, value, position) VALUES (
  'seed:beta25:technical:speed',
  'seed:beta25:technical',
  'speed',
  '{"fa":"سرعت","en":"Speed"}'::jsonb,
  '{"fa":"۸ کیلومتر بر ساعت (قابل تنظیم)"}'::jsonb,
  7
);
INSERT INTO public.specification_items (id, group_id, key, label, value, position) VALUES (
  'seed:beta25:technical:slope',
  'seed:beta25:technical',
  'slope',
  '{"fa":"زاویه شیب حرکت","en":"Slope Angle"}'::jsonb,
  '{"fa":"۱۲ درصد"}'::jsonb,
  8
);
INSERT INTO public.specification_items (id, group_id, key, label, value, position) VALUES (
  'seed:beta25:technical:charge_time',
  'seed:beta25:technical',
  'charge_time',
  '{"fa":"زمان شارژ مجدد","en":"Charge Time"}'::jsonb,
  '{"fa":"۳ ساعت"}'::jsonb,
  9
);
INSERT INTO public.specification_items (id, group_id, key, label, value, position) VALUES (
  'seed:beta25:technical:finish',
  'seed:beta25:technical',
  'finish',
  '{"fa":"جنس رنگ","en":"Finish"}'::jsonb,
  '{"fa":"الکترواستاتیک (قابل سفارشی‌سازی طبق رنگ دلخواه مشتری)"}'::jsonb,
  10
);
INSERT INTO public.specification_items (id, group_id, key, label, value, position) VALUES (
  'seed:beta25:technical:standards',
  'seed:beta25:technical',
  'standards',
  '{"fa":"استانداردها","en":"Standards"}'::jsonb,
  '{"fa":"ISO 13485"}'::jsonb,
  11
);
INSERT INTO public.certifications (id, product_id, name, position) VALUES (
  'seed:beta25:cert:0',
  (SELECT id FROM public.products WHERE slug = 'beta25'),
  'ISO 13485',
  0
);
INSERT INTO public.faq_items (id, product_id, question, answer, position) VALUES (
  'seed:beta25:faq:0',
  (SELECT id FROM public.products WHERE slug = 'beta25'),
  '{"fa":"مدت گارانتی چقدر است؟"}'::jsonb,
  '{"fa":"۱ سال — دستگاه مشمول گارانتی می‌شود در صورتی که دچار سانحه، تصادف، یا آسیب فیزیکی ناشی از استفاده نادرست توسط مشتری نشده باشد (خرابی ناشی از استفاده غلط مشمول گارانتی نمی‌شود)."}'::jsonb,
  0
);
INSERT INTO public.faq_items (id, product_id, question, answer, position) VALUES (
  'seed:beta25:faq:1',
  (SELECT id FROM public.products WHERE slug = 'beta25'),
  '{"fa":"خدمات پس از فروش چگونه است؟"}'::jsonb,
  '{"fa":"ارائه خدمات، تعمیرات و پشتیبانی قطعات به مدت ۵ سال رسمی (به دلیل واردات مستقیم، تأمین قطعات تا ۱۰ الی ۱۵ سال نیز توسط مجموعه امکان‌پذیر است)."}'::jsonb,
  1
);

INSERT INTO public.products (id, slug, category_key, code, name, series, description, short_description, features, status)
VALUES (
  'seed:delta35',
  'delta35',
  'POWER_WHEELCHAIRS'::public.product_category_key,
  'Delta-delta35',
  'ویلچر برقی دلتا 35',
  '{"fa":"Foldable Power Wheelchairs","en":"Foldable Power Wheelchairs"}'::jsonb,
  '{"fa":"دلتا 35 یک مدل تاشو با توان موتوری بالاتر (۳۵۰ وات) است که برای ارائه عملکردی روان‌تر در مسیرهای متنوع طراحی شده است. با برخورداری از سیستم کنترلرهای باکیفیت DYNAMIC یا P&G، این ویلچر قابلیت حرکت ایمن در شیب‌های تا ۱۲ درصد را دارد. وزن ۵۱ کیلوگرم و ابعاد ۱۱۶×۷۶ سانتی‌متر، همراه با امکانات تنظیم ارتفاع زیرآرنجی و زیرپایی، تجربه کاربری مطلوب و استانداردهای ایمنی قابل قبولی را به کاربر ارائه می‌دهد."}'::jsonb,
  '{"fa":"ویلچر برقی تاشو دلتا 35، با دو موتور قدرتمند ۳۵۰ وات ساخت تایوان و سیستم کنترلر DYNAMIC / P&G."}'::jsonb,
  '[{"fa":"قابلیت تاشو با باتری"},{"fa":"زیر آرنجی متحرک (قابل تنظیم ارتفاع)"},{"fa":"زیرپایی متحرک (قابل تنظیم ارتفاع)"},{"fa":"سیستم کنترلر DYNAMIC یا P&G"}]'::jsonb,
  'PUBLISHED'::public.product_status
) ON CONFLICT (slug) DO UPDATE SET
  category_key = EXCLUDED.category_key,
  code = EXCLUDED.code,
  name = EXCLUDED.name,
  series = EXCLUDED.series,
  description = EXCLUDED.description,
  short_description = EXCLUDED.short_description,
  features = EXCLUDED.features,
  status = EXCLUDED.status;
DELETE FROM public.specification_groups WHERE product_id = (SELECT id FROM public.products WHERE slug = 'delta35');
DELETE FROM public.certifications      WHERE product_id = (SELECT id FROM public.products WHERE slug = 'delta35');
DELETE FROM public.faq_items           WHERE product_id = (SELECT id FROM public.products WHERE slug = 'delta35');
INSERT INTO public.specification_groups (id, product_id, key, label, position) VALUES (
  'seed:delta35:technical',
  (SELECT id FROM public.products WHERE slug = 'delta35'),
  'technical',
  '{"fa":"مشخصات فنی","en":"Technical Specifications"}'::jsonb,
  0
);
INSERT INTO public.specification_items (id, group_id, key, label, value, position) VALUES (
  'seed:delta35:technical:weight',
  'seed:delta35:technical',
  'weight',
  '{"fa":"وزن","en":"Weight"}'::jsonb,
  '{"fa":"۵۱ کیلوگرم"}'::jsonb,
  0
);
INSERT INTO public.specification_items (id, group_id, key, label, value, position) VALUES (
  'seed:delta35:technical:capacity',
  'seed:delta35:technical',
  'capacity',
  '{"fa":"تحمل وزن","en":"Weight Capacity"}'::jsonb,
  '{"fa":"۹۵ کیلوگرم"}'::jsonb,
  1
);
INSERT INTO public.specification_items (id, group_id, key, label, value, position) VALUES (
  'seed:delta35:technical:dimensions',
  'seed:delta35:technical',
  'dimensions',
  '{"fa":"ابعاد دستگاه","en":"Dimensions"}'::jsonb,
  '{"fa":"طول ۱۱۶ × عرض ۷۶ × ارتفاع ۱۰۰ سانتی‌متر"}'::jsonb,
  2
);
INSERT INTO public.specification_items (id, group_id, key, label, value, position) VALUES (
  'seed:delta35:technical:motor_type',
  'seed:delta35:technical',
  'motor_type',
  '{"fa":"نوع موتور","en":"Motor Type"}'::jsonb,
  '{"fa":"دو موتور DC"}'::jsonb,
  3
);
INSERT INTO public.specification_items (id, group_id, key, label, value, position) VALUES (
  'seed:delta35:technical:motor_power',
  'seed:delta35:technical',
  'motor_power',
  '{"fa":"قدرت موتور","en":"Motor Power"}'::jsonb,
  '{"fa":"۲ × ۳۵۰ وات (ساخت تایوان)"}'::jsonb,
  4
);
INSERT INTO public.specification_items (id, group_id, key, label, value, position) VALUES (
  'seed:delta35:technical:voltage',
  'seed:delta35:technical',
  'voltage',
  '{"fa":"ولتاژ","en":"Voltage"}'::jsonb,
  '{"fa":"۱۲ ولت"}'::jsonb,
  5
);
INSERT INTO public.specification_items (id, group_id, key, label, value, position) VALUES (
  'seed:delta35:technical:battery_capacity',
  'seed:delta35:technical',
  'battery_capacity',
  '{"fa":"ظرفیت باتری","en":"Battery Capacity"}'::jsonb,
  '{"fa":"۱۸ یا ۲۲ آمپر ساعت (۲ عدد)"}'::jsonb,
  6
);
INSERT INTO public.specification_items (id, group_id, key, label, value, position) VALUES (
  'seed:delta35:technical:speed',
  'seed:delta35:technical',
  'speed',
  '{"fa":"سرعت","en":"Speed"}'::jsonb,
  '{"fa":"۱۰ کیلومتر بر ساعت (قابل تنظیم)"}'::jsonb,
  7
);
INSERT INTO public.specification_items (id, group_id, key, label, value, position) VALUES (
  'seed:delta35:technical:slope',
  'seed:delta35:technical',
  'slope',
  '{"fa":"زاویه شیب حرکت","en":"Slope Angle"}'::jsonb,
  '{"fa":"۱۲ درصد"}'::jsonb,
  8
);
INSERT INTO public.specification_items (id, group_id, key, label, value, position) VALUES (
  'seed:delta35:technical:charge_time',
  'seed:delta35:technical',
  'charge_time',
  '{"fa":"زمان شارژ مجدد","en":"Charge Time"}'::jsonb,
  '{"fa":"۳ ساعت"}'::jsonb,
  9
);
INSERT INTO public.specification_items (id, group_id, key, label, value, position) VALUES (
  'seed:delta35:technical:finish',
  'seed:delta35:technical',
  'finish',
  '{"fa":"جنس رنگ","en":"Finish"}'::jsonb,
  '{"fa":"الکترواستاتیک (قابل سفارشی‌سازی طبق رنگ دلخواه مشتری)"}'::jsonb,
  10
);
INSERT INTO public.specification_items (id, group_id, key, label, value, position) VALUES (
  'seed:delta35:technical:standards',
  'seed:delta35:technical',
  'standards',
  '{"fa":"استانداردها","en":"Standards"}'::jsonb,
  '{"fa":"ISO 13485"}'::jsonb,
  11
);
INSERT INTO public.certifications (id, product_id, name, position) VALUES (
  'seed:delta35:cert:0',
  (SELECT id FROM public.products WHERE slug = 'delta35'),
  'ISO 13485',
  0
);
INSERT INTO public.faq_items (id, product_id, question, answer, position) VALUES (
  'seed:delta35:faq:0',
  (SELECT id FROM public.products WHERE slug = 'delta35'),
  '{"fa":"مدت گارانتی چقدر است؟"}'::jsonb,
  '{"fa":"۱ سال — دستگاه مشمول گارانتی می‌شود در صورتی که دچار سانحه، تصادف، یا آسیب فیزیکی ناشی از استفاده نادرست توسط مشتری نشده باشد (خرابی ناشی از استفاده غلط مشمول گارانتی نمی‌شود)."}'::jsonb,
  0
);
INSERT INTO public.faq_items (id, product_id, question, answer, position) VALUES (
  'seed:delta35:faq:1',
  (SELECT id FROM public.products WHERE slug = 'delta35'),
  '{"fa":"خدمات پس از فروش چگونه است؟"}'::jsonb,
  '{"fa":"ارائه خدمات، تعمیرات و پشتیبانی قطعات به مدت ۵ سال رسمی (به دلیل واردات مستقیم، تأمین قطعات تا ۱۰ الی ۱۵ سال نیز توسط مجموعه امکان‌پذیر است)."}'::jsonb,
  1
);

INSERT INTO public.products (id, slug, category_key, code, name, series, description, short_description, features, status)
VALUES (
  'seed:gamma45',
  'gamma45',
  'POWER_WHEELCHAIRS'::public.product_category_key,
  'Gamma-gamma45',
  'ویلچر برقی گاما 45 - 45XL',
  '{"fa":"Foldable Power Wheelchairs","en":"Foldable Power Wheelchairs"}'::jsonb,
  '{"fa":"گاما 45-45XL یک ویلچر برقی تاشو با استانداردهای بالای مهندسی پزشکی است. این دستگاه با بهره‌گیری از دو موتور ۴۵۰ وات و سیستم کنترلر DYNAMIC یا P&G، توانایی حرکت در شیب‌های تا ۱۲ درصد و حمل کاربرانی با وزن تا ۱۲۰ کیلوگرم را دارا می‌باشد. سیستم باتری دوگانه ۳۰ آمپر ساعت، زمان شارژ ۴ ساعته را تضمین کرده و قابلیت جداسازی باتری، تاشوندگی، و تنظیم ارتفاع زیرآرنجی و زیرپایی، حمل‌ونقل و انبارش دستگاه را برای مراقبین و کاربران تسهیل می‌نماید."}'::jsonb,
  '{"fa":"ویلچر برقی تاشو گاما 45-45XL، مجهز به سیستم محرکه دوگانه ۴۵۰ وات ساخت تایوان و کنترلرهای معتبر DYNAMIC / P&G، با قابلیت حمل بار تا ۱۲۰ کیلوگرم."}'::jsonb,
  '[{"fa":"قابلیت تاشو و جمع‌آوری"},{"fa":"باتری قابل جداسازی (Detachable battery)"},{"fa":"زیر آرنجی قابل تنظیم ارتفاع"},{"fa":"زیرپایی متحرک و قابل تنظیم"},{"fa":"دارای کمربند ایمنی"},{"fa":"سیستم کنترلر DYNAMIC یا P&G"}]'::jsonb,
  'PUBLISHED'::public.product_status
) ON CONFLICT (slug) DO UPDATE SET
  category_key = EXCLUDED.category_key,
  code = EXCLUDED.code,
  name = EXCLUDED.name,
  series = EXCLUDED.series,
  description = EXCLUDED.description,
  short_description = EXCLUDED.short_description,
  features = EXCLUDED.features,
  status = EXCLUDED.status;
DELETE FROM public.specification_groups WHERE product_id = (SELECT id FROM public.products WHERE slug = 'gamma45');
DELETE FROM public.certifications      WHERE product_id = (SELECT id FROM public.products WHERE slug = 'gamma45');
DELETE FROM public.faq_items           WHERE product_id = (SELECT id FROM public.products WHERE slug = 'gamma45');
INSERT INTO public.specification_groups (id, product_id, key, label, position) VALUES (
  'seed:gamma45:technical',
  (SELECT id FROM public.products WHERE slug = 'gamma45'),
  'technical',
  '{"fa":"مشخصات فنی","en":"Technical Specifications"}'::jsonb,
  0
);
INSERT INTO public.specification_items (id, group_id, key, label, value, position) VALUES (
  'seed:gamma45:technical:weight',
  'seed:gamma45:technical',
  'weight',
  '{"fa":"وزن","en":"Weight"}'::jsonb,
  '{"fa":"۵۸ کیلوگرم"}'::jsonb,
  0
);
INSERT INTO public.specification_items (id, group_id, key, label, value, position) VALUES (
  'seed:gamma45:technical:capacity',
  'seed:gamma45:technical',
  'capacity',
  '{"fa":"تحمل وزن","en":"Weight Capacity"}'::jsonb,
  '{"fa":"۱۲۰ کیلوگرم"}'::jsonb,
  1
);
INSERT INTO public.specification_items (id, group_id, key, label, value, position) VALUES (
  'seed:gamma45:technical:dimensions',
  'seed:gamma45:technical',
  'dimensions',
  '{"fa":"ابعاد دستگاه","en":"Dimensions"}'::jsonb,
  '{"fa":"طول ۱۰۴ × عرض ۷۰ × ارتفاع ۹۴ سانتی‌متر"}'::jsonb,
  2
);
INSERT INTO public.specification_items (id, group_id, key, label, value, position) VALUES (
  'seed:gamma45:technical:motor_type',
  'seed:gamma45:technical',
  'motor_type',
  '{"fa":"نوع موتور","en":"Motor Type"}'::jsonb,
  '{"fa":"دو موتور DC"}'::jsonb,
  3
);
INSERT INTO public.specification_items (id, group_id, key, label, value, position) VALUES (
  'seed:gamma45:technical:motor_power',
  'seed:gamma45:technical',
  'motor_power',
  '{"fa":"قدرت موتور","en":"Motor Power"}'::jsonb,
  '{"fa":"۲ × ۴۵۰ وات (ساخت تایوان)"}'::jsonb,
  4
);
INSERT INTO public.specification_items (id, group_id, key, label, value, position) VALUES (
  'seed:gamma45:technical:voltage',
  'seed:gamma45:technical',
  'voltage',
  '{"fa":"ولتاژ","en":"Voltage"}'::jsonb,
  '{"fa":"۱۲ ولت"}'::jsonb,
  5
);
INSERT INTO public.specification_items (id, group_id, key, label, value, position) VALUES (
  'seed:gamma45:technical:battery_capacity',
  'seed:gamma45:technical',
  'battery_capacity',
  '{"fa":"ظرفیت باتری","en":"Battery Capacity"}'::jsonb,
  '{"fa":"۲۸ یا ۳۰ آمپر ساعت (۲ عدد)"}'::jsonb,
  6
);
INSERT INTO public.specification_items (id, group_id, key, label, value, position) VALUES (
  'seed:gamma45:technical:speed',
  'seed:gamma45:technical',
  'speed',
  '{"fa":"سرعت","en":"Speed"}'::jsonb,
  '{"fa":"۱۰ کیلومتر بر ساعت (قابل تنظیم)"}'::jsonb,
  7
);
INSERT INTO public.specification_items (id, group_id, key, label, value, position) VALUES (
  'seed:gamma45:technical:slope',
  'seed:gamma45:technical',
  'slope',
  '{"fa":"زاویه شیب حرکت","en":"Slope Angle"}'::jsonb,
  '{"fa":"۱۲ درصد"}'::jsonb,
  8
);
INSERT INTO public.specification_items (id, group_id, key, label, value, position) VALUES (
  'seed:gamma45:technical:charge_time',
  'seed:gamma45:technical',
  'charge_time',
  '{"fa":"زمان شارژ مجدد","en":"Charge Time"}'::jsonb,
  '{"fa":"۴ ساعت"}'::jsonb,
  9
);
INSERT INTO public.specification_items (id, group_id, key, label, value, position) VALUES (
  'seed:gamma45:technical:finish',
  'seed:gamma45:technical',
  'finish',
  '{"fa":"جنس رنگ","en":"Finish"}'::jsonb,
  '{"fa":"الکترواستاتیک (قابل سفارشی‌سازی طبق رنگ دلخواه مشتری)"}'::jsonb,
  10
);
INSERT INTO public.specification_items (id, group_id, key, label, value, position) VALUES (
  'seed:gamma45:technical:standards',
  'seed:gamma45:technical',
  'standards',
  '{"fa":"استانداردها","en":"Standards"}'::jsonb,
  '{"fa":"ISO 13485"}'::jsonb,
  11
);
INSERT INTO public.certifications (id, product_id, name, position) VALUES (
  'seed:gamma45:cert:0',
  (SELECT id FROM public.products WHERE slug = 'gamma45'),
  'ISO 13485',
  0
);
INSERT INTO public.faq_items (id, product_id, question, answer, position) VALUES (
  'seed:gamma45:faq:0',
  (SELECT id FROM public.products WHERE slug = 'gamma45'),
  '{"fa":"مدت گارانتی چقدر است؟"}'::jsonb,
  '{"fa":"۱ سال — دستگاه مشمول گارانتی می‌شود در صورتی که دچار سانحه، تصادف، یا آسیب فیزیکی ناشی از استفاده نادرست توسط مشتری نشده باشد (خرابی ناشی از استفاده غلط مشمول گارانتی نمی‌شود)."}'::jsonb,
  0
);
INSERT INTO public.faq_items (id, product_id, question, answer, position) VALUES (
  'seed:gamma45:faq:1',
  (SELECT id FROM public.products WHERE slug = 'gamma45'),
  '{"fa":"خدمات پس از فروش چگونه است؟"}'::jsonb,
  '{"fa":"ارائه خدمات، تعمیرات و پشتیبانی قطعات به مدت ۵ سال رسمی (به دلیل واردات مستقیم، تأمین قطعات تا ۱۰ الی ۱۵ سال نیز توسط مجموعه امکان‌پذیر است)."}'::jsonb,
  1
);

INSERT INTO public.products (id, slug, category_key, code, name, series, description, short_description, features, status)
VALUES (
  'seed:super-gamma',
  'super-gamma',
  'POWER_WHEELCHAIRS'::public.product_category_key,
  'Gamma-super-gamma',
  'ویلچر برقی سوپر گاما',
  '{"fa":"Foldable Power Wheelchairs","en":"Foldable Power Wheelchairs"}'::jsonb,
  '{"fa":"سوپر گاما یک ویلچر برقی تاشوی پیشرفته در کلاس سنگین است که با دو موتور ۵۰۰ وات و سیستم کنترلر DYNAMIC یا P&G، قدرت مانور و شتاب بالایی را ارائه می‌دهد. این دستگاه قادر است کاربرانی تا وزن ۱۲۰ کیلوگرم را به راحتی جابجا کرده و در شیب‌های تا ۱۲ درصد به صورت ایمن تردد نماید. طراحی تاشو، باتری جداشونده، امکان تنظیم زیرآرنجی و زیرپایی، همراه با سیستم روشنایی و کمربند ایمنی، استانداردهای یک ویلچر برقی مدرن و کاربردی را فراهم می‌آورد."}'::jsonb,
  '{"fa":"ویلچر برقی تاشو سوپر گاما، مجهز به دو موتور قدرتمند ۵۰۰ وات ساخت تایوان و سیستم کنترلر DYNAMIC / P&G، با بیشینه سرعت ۱۵ کیلومتر بر ساعت."}'::jsonb,
  '[{"fa":"قابلیت تاشو و جمع‌آوری"},{"fa":"باتری قابل جداسازی"},{"fa":"زیر آرنجی و زیرپایی قابل تنظیم"},{"fa":"سیستم روشنایی"},{"fa":"کمربند ایمنی"},{"fa":"سیستم کنترلر DYNAMIC یا P&G"}]'::jsonb,
  'PUBLISHED'::public.product_status
) ON CONFLICT (slug) DO UPDATE SET
  category_key = EXCLUDED.category_key,
  code = EXCLUDED.code,
  name = EXCLUDED.name,
  series = EXCLUDED.series,
  description = EXCLUDED.description,
  short_description = EXCLUDED.short_description,
  features = EXCLUDED.features,
  status = EXCLUDED.status;
DELETE FROM public.specification_groups WHERE product_id = (SELECT id FROM public.products WHERE slug = 'super-gamma');
DELETE FROM public.certifications      WHERE product_id = (SELECT id FROM public.products WHERE slug = 'super-gamma');
DELETE FROM public.faq_items           WHERE product_id = (SELECT id FROM public.products WHERE slug = 'super-gamma');
INSERT INTO public.specification_groups (id, product_id, key, label, position) VALUES (
  'seed:super-gamma:technical',
  (SELECT id FROM public.products WHERE slug = 'super-gamma'),
  'technical',
  '{"fa":"مشخصات فنی","en":"Technical Specifications"}'::jsonb,
  0
);
INSERT INTO public.specification_items (id, group_id, key, label, value, position) VALUES (
  'seed:super-gamma:technical:weight',
  'seed:super-gamma:technical',
  'weight',
  '{"fa":"وزن","en":"Weight"}'::jsonb,
  '{"fa":"۶۰ کیلوگرم"}'::jsonb,
  0
);
INSERT INTO public.specification_items (id, group_id, key, label, value, position) VALUES (
  'seed:super-gamma:technical:capacity',
  'seed:super-gamma:technical',
  'capacity',
  '{"fa":"تحمل وزن","en":"Weight Capacity"}'::jsonb,
  '{"fa":"۱۲۰ کیلوگرم"}'::jsonb,
  1
);
INSERT INTO public.specification_items (id, group_id, key, label, value, position) VALUES (
  'seed:super-gamma:technical:dimensions',
  'seed:super-gamma:technical',
  'dimensions',
  '{"fa":"ابعاد دستگاه","en":"Dimensions"}'::jsonb,
  '{"fa":"طول ۱۰۴ × عرض ۶۱ × ارتفاع ۹۸ سانتی‌متر"}'::jsonb,
  2
);
INSERT INTO public.specification_items (id, group_id, key, label, value, position) VALUES (
  'seed:super-gamma:technical:motor_type',
  'seed:super-gamma:technical',
  'motor_type',
  '{"fa":"نوع موتور","en":"Motor Type"}'::jsonb,
  '{"fa":"دو موتور DC"}'::jsonb,
  3
);
INSERT INTO public.specification_items (id, group_id, key, label, value, position) VALUES (
  'seed:super-gamma:technical:motor_power',
  'seed:super-gamma:technical',
  'motor_power',
  '{"fa":"قدرت موتور","en":"Motor Power"}'::jsonb,
  '{"fa":"۲ × ۵۰۰ وات (ساخت تایوان)"}'::jsonb,
  4
);
INSERT INTO public.specification_items (id, group_id, key, label, value, position) VALUES (
  'seed:super-gamma:technical:voltage',
  'seed:super-gamma:technical',
  'voltage',
  '{"fa":"ولتاژ","en":"Voltage"}'::jsonb,
  '{"fa":"۱۲ ولت"}'::jsonb,
  5
);
INSERT INTO public.specification_items (id, group_id, key, label, value, position) VALUES (
  'seed:super-gamma:technical:battery_capacity',
  'seed:super-gamma:technical',
  'battery_capacity',
  '{"fa":"ظرفیت باتری","en":"Battery Capacity"}'::jsonb,
  '{"fa":"۲۸ یا ۳۰ آمپر ساعت (۲ عدد)"}'::jsonb,
  6
);
INSERT INTO public.specification_items (id, group_id, key, label, value, position) VALUES (
  'seed:super-gamma:technical:speed',
  'seed:super-gamma:technical',
  'speed',
  '{"fa":"سرعت","en":"Speed"}'::jsonb,
  '{"fa":"۱۵ کیلومتر بر ساعت (قابل تنظیم)"}'::jsonb,
  7
);
INSERT INTO public.specification_items (id, group_id, key, label, value, position) VALUES (
  'seed:super-gamma:technical:slope',
  'seed:super-gamma:technical',
  'slope',
  '{"fa":"زاویه شیب حرکت","en":"Slope Angle"}'::jsonb,
  '{"fa":"۱۲ درصد"}'::jsonb,
  8
);
INSERT INTO public.specification_items (id, group_id, key, label, value, position) VALUES (
  'seed:super-gamma:technical:charge_time',
  'seed:super-gamma:technical',
  'charge_time',
  '{"fa":"زمان شارژ مجدد","en":"Charge Time"}'::jsonb,
  '{"fa":"۴ ساعت"}'::jsonb,
  9
);
INSERT INTO public.specification_items (id, group_id, key, label, value, position) VALUES (
  'seed:super-gamma:technical:finish',
  'seed:super-gamma:technical',
  'finish',
  '{"fa":"جنس رنگ","en":"Finish"}'::jsonb,
  '{"fa":"الکترواستاتیک (قابل سفارشی‌سازی طبق رنگ دلخواه مشتری)"}'::jsonb,
  10
);
INSERT INTO public.specification_items (id, group_id, key, label, value, position) VALUES (
  'seed:super-gamma:technical:standards',
  'seed:super-gamma:technical',
  'standards',
  '{"fa":"استانداردها","en":"Standards"}'::jsonb,
  '{"fa":"ISO 13485"}'::jsonb,
  11
);
INSERT INTO public.certifications (id, product_id, name, position) VALUES (
  'seed:super-gamma:cert:0',
  (SELECT id FROM public.products WHERE slug = 'super-gamma'),
  'ISO 13485',
  0
);
INSERT INTO public.faq_items (id, product_id, question, answer, position) VALUES (
  'seed:super-gamma:faq:0',
  (SELECT id FROM public.products WHERE slug = 'super-gamma'),
  '{"fa":"مدت گارانتی چقدر است؟"}'::jsonb,
  '{"fa":"۱ سال — دستگاه مشمول گارانتی می‌شود در صورتی که دچار سانحه، تصادف، یا آسیب فیزیکی ناشی از استفاده نادرست توسط مشتری نشده باشد (خرابی ناشی از استفاده غلط مشمول گارانتی نمی‌شود)."}'::jsonb,
  0
);
INSERT INTO public.faq_items (id, product_id, question, answer, position) VALUES (
  'seed:super-gamma:faq:1',
  (SELECT id FROM public.products WHERE slug = 'super-gamma'),
  '{"fa":"خدمات پس از فروش چگونه است؟"}'::jsonb,
  '{"fa":"ارائه خدمات، تعمیرات و پشتیبانی قطعات به مدت ۵ سال رسمی (به دلیل واردات مستقیم، تأمین قطعات تا ۱۰ الی ۱۵ سال نیز توسط مجموعه امکان‌پذیر است)."}'::jsonb,
  1
);

INSERT INTO public.products (id, slug, category_key, code, name, series, description, short_description, features, status)
VALUES (
  'seed:fateh-lx2',
  'fateh-lx2',
  'POWER_WHEELCHAIRS'::public.product_category_key,
  'Fateh-fateh-lx2',
  'ویلچر برقی فاتح LX2',
  '{"fa":"Upholstered Power Wheelchairs","en":"Upholstered Power Wheelchairs"}'::jsonb,
  '{"fa":"فاطح LX2 یک ویلچر برقی سنگین و با دوام است که برای عبور از مسیرهای سخت و خارجی طراحی شده است. این دستگاه با بهره‌گیری از دو موتور قدرتمند ۵۰۰ یا ۴۵۰ وات ساخت تایوان، سیستم کمک‌فنر (شاک‌آبسورب)، و کنترلرهای DYNAMIC یا P&G، قدرت و نرمی حرکت را تضمین می‌کند. صندلی زاویه‌دار و قابلیت افزایش ظرفیت باتری تا ۴ عدد، آن را به انتخابی استراتژیک برای استفاده‌های سنگین تبدیل نموده است."}'::jsonb,
  '{"fa":"ویلچر برقی فاتح LX2 با دو موتور ۵۰۰ یا ۴۵۰ وات و سیستم تعلیق کمک‌فنر، مناسب برای مسیرهای خارجی و ناهموار."}'::jsonb,
  '[{"fa":"صندلی زاویه‌دار"},{"fa":"سیستم تعلیق کمک‌فنر"},{"fa":"قابلیت افزایش تعداد باتری تا ۴ عدد"},{"fa":"زیر آرنجی و زیرپایی قابل تنظیم"},{"fa":"سیستم روشنایی"},{"fa":"کمربند ایمنی"},{"fa":"سیستم ضد واژگونی"},{"fa":"سیستم کنترلر DYNAMIC یا P&G"}]'::jsonb,
  'PUBLISHED'::public.product_status
) ON CONFLICT (slug) DO UPDATE SET
  category_key = EXCLUDED.category_key,
  code = EXCLUDED.code,
  name = EXCLUDED.name,
  series = EXCLUDED.series,
  description = EXCLUDED.description,
  short_description = EXCLUDED.short_description,
  features = EXCLUDED.features,
  status = EXCLUDED.status;
DELETE FROM public.specification_groups WHERE product_id = (SELECT id FROM public.products WHERE slug = 'fateh-lx2');
DELETE FROM public.certifications      WHERE product_id = (SELECT id FROM public.products WHERE slug = 'fateh-lx2');
DELETE FROM public.faq_items           WHERE product_id = (SELECT id FROM public.products WHERE slug = 'fateh-lx2');
INSERT INTO public.specification_groups (id, product_id, key, label, position) VALUES (
  'seed:fateh-lx2:technical',
  (SELECT id FROM public.products WHERE slug = 'fateh-lx2'),
  'technical',
  '{"fa":"مشخصات فنی","en":"Technical Specifications"}'::jsonb,
  0
);
INSERT INTO public.specification_items (id, group_id, key, label, value, position) VALUES (
  'seed:fateh-lx2:technical:weight',
  'seed:fateh-lx2:technical',
  'weight',
  '{"fa":"وزن","en":"Weight"}'::jsonb,
  '{"fa":"۹۸ کیلوگرم"}'::jsonb,
  0
);
INSERT INTO public.specification_items (id, group_id, key, label, value, position) VALUES (
  'seed:fateh-lx2:technical:capacity',
  'seed:fateh-lx2:technical',
  'capacity',
  '{"fa":"تحمل وزن","en":"Weight Capacity"}'::jsonb,
  '{"fa":"۱۵۰ کیلوگرم"}'::jsonb,
  1
);
INSERT INTO public.specification_items (id, group_id, key, label, value, position) VALUES (
  'seed:fateh-lx2:technical:dimensions',
  'seed:fateh-lx2:technical',
  'dimensions',
  '{"fa":"ابعاد دستگاه","en":"Dimensions"}'::jsonb,
  '{"fa":"طول ۱۰۶ × عرض ۶۹ × ارتفاع ۱۱۲ سانتی‌متر"}'::jsonb,
  2
);
INSERT INTO public.specification_items (id, group_id, key, label, value, position) VALUES (
  'seed:fateh-lx2:technical:motor_type',
  'seed:fateh-lx2:technical',
  'motor_type',
  '{"fa":"نوع موتور","en":"Motor Type"}'::jsonb,
  '{"fa":"دو موتور DC"}'::jsonb,
  3
);
INSERT INTO public.specification_items (id, group_id, key, label, value, position) VALUES (
  'seed:fateh-lx2:technical:motor_power',
  'seed:fateh-lx2:technical',
  'motor_power',
  '{"fa":"قدرت موتور","en":"Motor Power"}'::jsonb,
  '{"fa":"۲ × ۵۰۰ یا ۴۵۰ وات (ساخت تایوان)"}'::jsonb,
  4
);
INSERT INTO public.specification_items (id, group_id, key, label, value, position) VALUES (
  'seed:fateh-lx2:technical:voltage',
  'seed:fateh-lx2:technical',
  'voltage',
  '{"fa":"ولتاژ","en":"Voltage"}'::jsonb,
  '{"fa":"۱۲ ولت"}'::jsonb,
  5
);
INSERT INTO public.specification_items (id, group_id, key, label, value, position) VALUES (
  'seed:fateh-lx2:technical:battery_capacity',
  'seed:fateh-lx2:technical',
  'battery_capacity',
  '{"fa":"ظرفیت باتری","en":"Battery Capacity"}'::jsonb,
  '{"fa":"۴۰ یا ۴۵ آمپر ساعت (۲ عدد - قابل افزایش تا ۴ عدد)"}'::jsonb,
  6
);
INSERT INTO public.specification_items (id, group_id, key, label, value, position) VALUES (
  'seed:fateh-lx2:technical:speed',
  'seed:fateh-lx2:technical',
  'speed',
  '{"fa":"سرعت","en":"Speed"}'::jsonb,
  '{"fa":"۱۵ کیلومتر بر ساعت (قابل تنظیم)"}'::jsonb,
  7
);
INSERT INTO public.specification_items (id, group_id, key, label, value, position) VALUES (
  'seed:fateh-lx2:technical:slope',
  'seed:fateh-lx2:technical',
  'slope',
  '{"fa":"زاویه شیب حرکت","en":"Slope Angle"}'::jsonb,
  '{"fa":"۱۲ درصد"}'::jsonb,
  8
);
INSERT INTO public.specification_items (id, group_id, key, label, value, position) VALUES (
  'seed:fateh-lx2:technical:charge_time',
  'seed:fateh-lx2:technical',
  'charge_time',
  '{"fa":"زمان شارژ مجدد","en":"Charge Time"}'::jsonb,
  '{"fa":"۵ ساعت"}'::jsonb,
  9
);
INSERT INTO public.specification_items (id, group_id, key, label, value, position) VALUES (
  'seed:fateh-lx2:technical:finish',
  'seed:fateh-lx2:technical',
  'finish',
  '{"fa":"جنس رنگ","en":"Finish"}'::jsonb,
  '{"fa":"الکترواستاتیک (قابل سفارشی‌سازی طبق رنگ دلخواه مشتری)"}'::jsonb,
  10
);
INSERT INTO public.specification_items (id, group_id, key, label, value, position) VALUES (
  'seed:fateh-lx2:technical:standards',
  'seed:fateh-lx2:technical',
  'standards',
  '{"fa":"استانداردها","en":"Standards"}'::jsonb,
  '{"fa":"ISO 13485"}'::jsonb,
  11
);
INSERT INTO public.certifications (id, product_id, name, position) VALUES (
  'seed:fateh-lx2:cert:0',
  (SELECT id FROM public.products WHERE slug = 'fateh-lx2'),
  'ISO 13485',
  0
);
INSERT INTO public.faq_items (id, product_id, question, answer, position) VALUES (
  'seed:fateh-lx2:faq:0',
  (SELECT id FROM public.products WHERE slug = 'fateh-lx2'),
  '{"fa":"مدت گارانتی چقدر است؟"}'::jsonb,
  '{"fa":"۱ سال — دستگاه مشمول گارانتی می‌شود در صورتی که دچار سانحه، تصادف، یا آسیب فیزیکی ناشی از استفاده نادرست توسط مشتری نشده باشد (خرابی ناشی از استفاده غلط مشمول گارانتی نمی‌شود)."}'::jsonb,
  0
);
INSERT INTO public.faq_items (id, product_id, question, answer, position) VALUES (
  'seed:fateh-lx2:faq:1',
  (SELECT id FROM public.products WHERE slug = 'fateh-lx2'),
  '{"fa":"خدمات پس از فروش چگونه است؟"}'::jsonb,
  '{"fa":"ارائه خدمات، تعمیرات و پشتیبانی قطعات به مدت ۵ سال رسمی (به دلیل واردات مستقیم، تأمین قطعات تا ۱۰ الی ۱۵ سال نیز توسط مجموعه امکان‌پذیر است)."}'::jsonb,
  1
);

INSERT INTO public.products (id, slug, category_key, code, name, series, description, short_description, features, status)
VALUES (
  'seed:fateh-jx2-lift',
  'fateh-jx2-lift',
  'POWER_WHEELCHAIRS'::public.product_category_key,
  'Fateh-fateh-jx2-lift',
  'ویلچر برقی فاتح JX2',
  '{"fa":"Upholstered Power Wheelchairs","en":"Upholstered Power Wheelchairs"}'::jsonb,
  '{"fa":"فاطح JX2 مدلی از سری حرفه‌ای فاتح است که بر روی ارگونومی و راحتی کاربر تمرکز دارد. با بهره‌گیری از دو موتور ۵۰۰/۴۵۰ وات تایوان، کنترلرهای DYNAMIC یا P&G، و سیستم تعلیق کمک‌فنر، حرکتی نرم و قدرتمند را ارائه می‌دهد. قابلیت تنظیم ارتفاع صندلی، زیرآرنجی، و زیرپایی، شخصی‌سازی کامل را برای کاربران فراهم می‌سازد."}'::jsonb,
  '{"fa":"ویلچر برقی فاتح JX2، مجهز به سیستم تعلیق کمک‌فنر، صندلی و زیرآرنجی کاملاً تنظیم‌شونده با دو موتور ۵۰۰ یا ۴۵۰ وات."}'::jsonb,
  '[{"fa":"صندلی و زیرآرنجی قابل تنظیم ارتفاع"},{"fa":"زیرپایی متحرک و قابل تنظیم"},{"fa":"سیستم تعلیق کمک‌فنر"},{"fa":"سیستم روشنایی"},{"fa":"کمربند ایمنی"},{"fa":"سیستم ضد واژگونی"},{"fa":"سیستم کنترلر DYNAMIC یا P&G"}]'::jsonb,
  'PUBLISHED'::public.product_status
) ON CONFLICT (slug) DO UPDATE SET
  category_key = EXCLUDED.category_key,
  code = EXCLUDED.code,
  name = EXCLUDED.name,
  series = EXCLUDED.series,
  description = EXCLUDED.description,
  short_description = EXCLUDED.short_description,
  features = EXCLUDED.features,
  status = EXCLUDED.status;
DELETE FROM public.specification_groups WHERE product_id = (SELECT id FROM public.products WHERE slug = 'fateh-jx2-lift');
DELETE FROM public.certifications      WHERE product_id = (SELECT id FROM public.products WHERE slug = 'fateh-jx2-lift');
DELETE FROM public.faq_items           WHERE product_id = (SELECT id FROM public.products WHERE slug = 'fateh-jx2-lift');
INSERT INTO public.specification_groups (id, product_id, key, label, position) VALUES (
  'seed:fateh-jx2-lift:technical',
  (SELECT id FROM public.products WHERE slug = 'fateh-jx2-lift'),
  'technical',
  '{"fa":"مشخصات فنی","en":"Technical Specifications"}'::jsonb,
  0
);
INSERT INTO public.specification_items (id, group_id, key, label, value, position) VALUES (
  'seed:fateh-jx2-lift:technical:weight',
  'seed:fateh-jx2-lift:technical',
  'weight',
  '{"fa":"وزن","en":"Weight"}'::jsonb,
  '{"fa":"۱۰۲ کیلوگرم"}'::jsonb,
  0
);
INSERT INTO public.specification_items (id, group_id, key, label, value, position) VALUES (
  'seed:fateh-jx2-lift:technical:capacity',
  'seed:fateh-jx2-lift:technical',
  'capacity',
  '{"fa":"تحمل وزن","en":"Weight Capacity"}'::jsonb,
  '{"fa":"۱۵۰ کیلوگرم"}'::jsonb,
  1
);
INSERT INTO public.specification_items (id, group_id, key, label, value, position) VALUES (
  'seed:fateh-jx2-lift:technical:dimensions',
  'seed:fateh-jx2-lift:technical',
  'dimensions',
  '{"fa":"ابعاد دستگاه","en":"Dimensions"}'::jsonb,
  '{"fa":"طول ۱۰۸ × عرض ۶۵ × ارتفاع ۱۲۲ سانتی‌متر"}'::jsonb,
  2
);
INSERT INTO public.specification_items (id, group_id, key, label, value, position) VALUES (
  'seed:fateh-jx2-lift:technical:motor_type',
  'seed:fateh-jx2-lift:technical',
  'motor_type',
  '{"fa":"نوع موتور","en":"Motor Type"}'::jsonb,
  '{"fa":"دو موتور DC"}'::jsonb,
  3
);
INSERT INTO public.specification_items (id, group_id, key, label, value, position) VALUES (
  'seed:fateh-jx2-lift:technical:motor_power',
  'seed:fateh-jx2-lift:technical',
  'motor_power',
  '{"fa":"قدرت موتور","en":"Motor Power"}'::jsonb,
  '{"fa":"۲ × ۵۰۰ یا ۴۵۰ وات (ساخت تایوان)"}'::jsonb,
  4
);
INSERT INTO public.specification_items (id, group_id, key, label, value, position) VALUES (
  'seed:fateh-jx2-lift:technical:voltage',
  'seed:fateh-jx2-lift:technical',
  'voltage',
  '{"fa":"ولتاژ","en":"Voltage"}'::jsonb,
  '{"fa":"۱۲ ولت"}'::jsonb,
  5
);
INSERT INTO public.specification_items (id, group_id, key, label, value, position) VALUES (
  'seed:fateh-jx2-lift:technical:battery_capacity',
  'seed:fateh-jx2-lift:technical',
  'battery_capacity',
  '{"fa":"ظرفیت باتری","en":"Battery Capacity"}'::jsonb,
  '{"fa":"۴۰ یا ۴۵ آمپر ساعت (۲ عدد)"}'::jsonb,
  6
);
INSERT INTO public.specification_items (id, group_id, key, label, value, position) VALUES (
  'seed:fateh-jx2-lift:technical:speed',
  'seed:fateh-jx2-lift:technical',
  'speed',
  '{"fa":"سرعت","en":"Speed"}'::jsonb,
  '{"fa":"۱۵ کیلومتر بر ساعت (قابل تنظیم)"}'::jsonb,
  7
);
INSERT INTO public.specification_items (id, group_id, key, label, value, position) VALUES (
  'seed:fateh-jx2-lift:technical:slope',
  'seed:fateh-jx2-lift:technical',
  'slope',
  '{"fa":"زاویه شیب حرکت","en":"Slope Angle"}'::jsonb,
  '{"fa":"۱۲ درصد"}'::jsonb,
  8
);
INSERT INTO public.specification_items (id, group_id, key, label, value, position) VALUES (
  'seed:fateh-jx2-lift:technical:charge_time',
  'seed:fateh-jx2-lift:technical',
  'charge_time',
  '{"fa":"زمان شارژ مجدد","en":"Charge Time"}'::jsonb,
  '{"fa":"۵ ساعت"}'::jsonb,
  9
);
INSERT INTO public.specification_items (id, group_id, key, label, value, position) VALUES (
  'seed:fateh-jx2-lift:technical:finish',
  'seed:fateh-jx2-lift:technical',
  'finish',
  '{"fa":"جنس رنگ","en":"Finish"}'::jsonb,
  '{"fa":"الکترواستاتیک (قابل سفارشی‌سازی طبق رنگ دلخواه مشتری)"}'::jsonb,
  10
);
INSERT INTO public.specification_items (id, group_id, key, label, value, position) VALUES (
  'seed:fateh-jx2-lift:technical:standards',
  'seed:fateh-jx2-lift:technical',
  'standards',
  '{"fa":"استانداردها","en":"Standards"}'::jsonb,
  '{"fa":"ISO 13485"}'::jsonb,
  11
);
INSERT INTO public.certifications (id, product_id, name, position) VALUES (
  'seed:fateh-jx2-lift:cert:0',
  (SELECT id FROM public.products WHERE slug = 'fateh-jx2-lift'),
  'ISO 13485',
  0
);
INSERT INTO public.faq_items (id, product_id, question, answer, position) VALUES (
  'seed:fateh-jx2-lift:faq:0',
  (SELECT id FROM public.products WHERE slug = 'fateh-jx2-lift'),
  '{"fa":"مدت گارانتی چقدر است؟"}'::jsonb,
  '{"fa":"۱ سال — دستگاه مشمول گارانتی می‌شود در صورتی که دچار سانحه، تصادف، یا آسیب فیزیکی ناشی از استفاده نادرست توسط مشتری نشده باشد (خرابی ناشی از استفاده غلط مشمول گارانتی نمی‌شود)."}'::jsonb,
  0
);
INSERT INTO public.faq_items (id, product_id, question, answer, position) VALUES (
  'seed:fateh-jx2-lift:faq:1',
  (SELECT id FROM public.products WHERE slug = 'fateh-jx2-lift'),
  '{"fa":"خدمات پس از فروش چگونه است؟"}'::jsonb,
  '{"fa":"ارائه خدمات، تعمیرات و پشتیبانی قطعات به مدت ۵ سال رسمی (به دلیل واردات مستقیم، تأمین قطعات تا ۱۰ الی ۱۵ سال نیز توسط مجموعه امکان‌پذیر است)."}'::jsonb,
  1
);

INSERT INTO public.products (id, slug, category_key, code, name, series, description, short_description, features, status)
VALUES (
  'seed:fateh-luxury',
  'fateh-luxury',
  'POWER_WHEELCHAIRS'::public.product_category_key,
  'Fateh-fateh-luxury',
  'ویلچر برقی فاتح لاکچری',
  '{"fa":"Upholstered Power Wheelchairs","en":"Upholstered Power Wheelchairs"}'::jsonb,
  '{"fa":"فاطح لاکچری یک ویلچر برقی رده بالا با طراحی ارگونومیک و صندلی زاویه‌دار است که برای راحتی حداکثری کاربر طراحی شده است. موتورهای ۵۰۰ یا ۴۵۰ وات تایوان به همراه کنترلرهای DYNAMIC یا P&G و سیستم کمک‌فنر، حرکتی نرم و پایدار را تضمین می‌کنند. قابلیت افزایش ظرفیت باتری تا ۴ واحد، برد حرکتی بسیار بالایی را برای کاربران فراهم می‌آورد."}'::jsonb,
  '{"fa":"ویلچر برقی فاتح لاکچری با صندلی زاویه‌دار و ارگونومیک، سیستم کمک‌فنر و قابلیت افزایش باتری تا ۴ عدد."}'::jsonb,
  '[{"fa":"صندلی و زیرآرنجی زاویه‌دار و ارگونومیک"},{"fa":"زیرپایی قابل تنظیم"},{"fa":"سیستم تعلیق کمک‌فنر"},{"fa":"قابلیت افزایش تعداد باتری تا ۴ عدد"},{"fa":"سیستم روشنایی"},{"fa":"کمربند ایمنی"},{"fa":"سیستم ضد واژگونی"},{"fa":"سیستم کنترلر DYNAMIC یا P&G"}]'::jsonb,
  'PUBLISHED'::public.product_status
) ON CONFLICT (slug) DO UPDATE SET
  category_key = EXCLUDED.category_key,
  code = EXCLUDED.code,
  name = EXCLUDED.name,
  series = EXCLUDED.series,
  description = EXCLUDED.description,
  short_description = EXCLUDED.short_description,
  features = EXCLUDED.features,
  status = EXCLUDED.status;
DELETE FROM public.specification_groups WHERE product_id = (SELECT id FROM public.products WHERE slug = 'fateh-luxury');
DELETE FROM public.certifications      WHERE product_id = (SELECT id FROM public.products WHERE slug = 'fateh-luxury');
DELETE FROM public.faq_items           WHERE product_id = (SELECT id FROM public.products WHERE slug = 'fateh-luxury');
INSERT INTO public.specification_groups (id, product_id, key, label, position) VALUES (
  'seed:fateh-luxury:technical',
  (SELECT id FROM public.products WHERE slug = 'fateh-luxury'),
  'technical',
  '{"fa":"مشخصات فنی","en":"Technical Specifications"}'::jsonb,
  0
);
INSERT INTO public.specification_items (id, group_id, key, label, value, position) VALUES (
  'seed:fateh-luxury:technical:weight',
  'seed:fateh-luxury:technical',
  'weight',
  '{"fa":"وزن","en":"Weight"}'::jsonb,
  '{"fa":"۹۸ کیلوگرم"}'::jsonb,
  0
);
INSERT INTO public.specification_items (id, group_id, key, label, value, position) VALUES (
  'seed:fateh-luxury:technical:capacity',
  'seed:fateh-luxury:technical',
  'capacity',
  '{"fa":"تحمل وزن","en":"Weight Capacity"}'::jsonb,
  '{"fa":"۱۵۰ کیلوگرم"}'::jsonb,
  1
);
INSERT INTO public.specification_items (id, group_id, key, label, value, position) VALUES (
  'seed:fateh-luxury:technical:dimensions',
  'seed:fateh-luxury:technical',
  'dimensions',
  '{"fa":"ابعاد دستگاه","en":"Dimensions"}'::jsonb,
  '{"fa":"طول ۱۰۶ × عرض ۶۸ × ارتفاع ۱۲۰ سانتی‌متر"}'::jsonb,
  2
);
INSERT INTO public.specification_items (id, group_id, key, label, value, position) VALUES (
  'seed:fateh-luxury:technical:motor_type',
  'seed:fateh-luxury:technical',
  'motor_type',
  '{"fa":"نوع موتور","en":"Motor Type"}'::jsonb,
  '{"fa":"دو موتور DC"}'::jsonb,
  3
);
INSERT INTO public.specification_items (id, group_id, key, label, value, position) VALUES (
  'seed:fateh-luxury:technical:motor_power',
  'seed:fateh-luxury:technical',
  'motor_power',
  '{"fa":"قدرت موتور","en":"Motor Power"}'::jsonb,
  '{"fa":"۲ × ۵۰۰ یا ۴۵۰ وات (ساخت تایوان)"}'::jsonb,
  4
);
INSERT INTO public.specification_items (id, group_id, key, label, value, position) VALUES (
  'seed:fateh-luxury:technical:voltage',
  'seed:fateh-luxury:technical',
  'voltage',
  '{"fa":"ولتاژ","en":"Voltage"}'::jsonb,
  '{"fa":"۱۲ ولت"}'::jsonb,
  5
);
INSERT INTO public.specification_items (id, group_id, key, label, value, position) VALUES (
  'seed:fateh-luxury:technical:battery_capacity',
  'seed:fateh-luxury:technical',
  'battery_capacity',
  '{"fa":"ظرفیت باتری","en":"Battery Capacity"}'::jsonb,
  '{"fa":"۴۰ یا ۴۵ آمپر ساعت (۲ عدد - قابل افزایش تا ۴ عدد)"}'::jsonb,
  6
);
INSERT INTO public.specification_items (id, group_id, key, label, value, position) VALUES (
  'seed:fateh-luxury:technical:speed',
  'seed:fateh-luxury:technical',
  'speed',
  '{"fa":"سرعت","en":"Speed"}'::jsonb,
  '{"fa":"۱۵ کیلومتر بر ساعت (قابل تنظیم)"}'::jsonb,
  7
);
INSERT INTO public.specification_items (id, group_id, key, label, value, position) VALUES (
  'seed:fateh-luxury:technical:slope',
  'seed:fateh-luxury:technical',
  'slope',
  '{"fa":"زاویه شیب حرکت","en":"Slope Angle"}'::jsonb,
  '{"fa":"۱۲ درصد"}'::jsonb,
  8
);
INSERT INTO public.specification_items (id, group_id, key, label, value, position) VALUES (
  'seed:fateh-luxury:technical:charge_time',
  'seed:fateh-luxury:technical',
  'charge_time',
  '{"fa":"زمان شارژ مجدد","en":"Charge Time"}'::jsonb,
  '{"fa":"۵ ساعت"}'::jsonb,
  9
);
INSERT INTO public.specification_items (id, group_id, key, label, value, position) VALUES (
  'seed:fateh-luxury:technical:finish',
  'seed:fateh-luxury:technical',
  'finish',
  '{"fa":"جنس رنگ","en":"Finish"}'::jsonb,
  '{"fa":"الکترواستاتیک (قابل سفارشی‌سازی طبق رنگ دلخواه مشتری)"}'::jsonb,
  10
);
INSERT INTO public.specification_items (id, group_id, key, label, value, position) VALUES (
  'seed:fateh-luxury:technical:standards',
  'seed:fateh-luxury:technical',
  'standards',
  '{"fa":"استانداردها","en":"Standards"}'::jsonb,
  '{"fa":"ISO 13485"}'::jsonb,
  11
);
INSERT INTO public.certifications (id, product_id, name, position) VALUES (
  'seed:fateh-luxury:cert:0',
  (SELECT id FROM public.products WHERE slug = 'fateh-luxury'),
  'ISO 13485',
  0
);
INSERT INTO public.faq_items (id, product_id, question, answer, position) VALUES (
  'seed:fateh-luxury:faq:0',
  (SELECT id FROM public.products WHERE slug = 'fateh-luxury'),
  '{"fa":"مدت گارانتی چقدر است؟"}'::jsonb,
  '{"fa":"۱ سال — دستگاه مشمول گارانتی می‌شود در صورتی که دچار سانحه، تصادف، یا آسیب فیزیکی ناشی از استفاده نادرست توسط مشتری نشده باشد (خرابی ناشی از استفاده غلط مشمول گارانتی نمی‌شود)."}'::jsonb,
  0
);
INSERT INTO public.faq_items (id, product_id, question, answer, position) VALUES (
  'seed:fateh-luxury:faq:1',
  (SELECT id FROM public.products WHERE slug = 'fateh-luxury'),
  '{"fa":"خدمات پس از فروش چگونه است؟"}'::jsonb,
  '{"fa":"ارائه خدمات، تعمیرات و پشتیبانی قطعات به مدت ۵ سال رسمی (به دلیل واردات مستقیم، تأمین قطعات تا ۱۰ الی ۱۵ سال نیز توسط مجموعه امکان‌پذیر است)."}'::jsonb,
  1
);

INSERT INTO public.products (id, slug, category_key, code, name, series, description, short_description, features, status)
VALUES (
  'seed:fateh-capitan',
  'fateh-capitan',
  'POWER_WHEELCHAIRS'::public.product_category_key,
  'Fateh-fateh-capitan',
  'ویلچر برقی فاتح کاپیتان',
  '{"fa":"Upholstered Power Wheelchairs","en":"Upholstered Power Wheelchairs"}'::jsonb,
  '{"fa":"فاطح کاپیتان قدرتمندترین مدل سری فاتح با بیشینه سرعت ۱۸ کیلومتر بر ساعت و سیستم تعلیق کمک‌فنر است. با دو موتور ۵۰۰ یا ۴۵۰ وات و کنترلرهای DYNAMIC یا P&G، این ویلچر برای کاربرانی که نیازمند سرعت بالا و تردد در مسیرهای طولانی و چالش‌برانگیز هستند طراحی شده است. صندلی و زیرآرنجی زاویه‌دار، سیستم ضد واژگونی و قابلیت افزایش ظرفیت باتری تا ۴ عدد، ایمنی و کارایی آن را تضمین می‌کنند."}'::jsonb,
  '{"fa":"ویلچر برقی فاتح کاپیتان با بیشینه سرعت ۱۸ کیلومتر بر ساعت، موتورهای ۵۰۰/۴۵۰ وات و سیستم تعلیق کمک‌فنر کامل."}'::jsonb,
  '[{"fa":"صندلی و زیرآرنجی زاویه‌دار و ارگونومیک"},{"fa":"زیرپایی قابل تنظیم"},{"fa":"سیستم تعلیق کمک‌فنر"},{"fa":"قابلیت افزایش تعداد باتری تا ۴ عدد"},{"fa":"سیستم روشنایی"},{"fa":"کمربند ایمنی"},{"fa":"سیستم ضد واژگونی"},{"fa":"سیستم کنترلر DYNAMIC یا P&G"}]'::jsonb,
  'PUBLISHED'::public.product_status
) ON CONFLICT (slug) DO UPDATE SET
  category_key = EXCLUDED.category_key,
  code = EXCLUDED.code,
  name = EXCLUDED.name,
  series = EXCLUDED.series,
  description = EXCLUDED.description,
  short_description = EXCLUDED.short_description,
  features = EXCLUDED.features,
  status = EXCLUDED.status;
DELETE FROM public.specification_groups WHERE product_id = (SELECT id FROM public.products WHERE slug = 'fateh-capitan');
DELETE FROM public.certifications      WHERE product_id = (SELECT id FROM public.products WHERE slug = 'fateh-capitan');
DELETE FROM public.faq_items           WHERE product_id = (SELECT id FROM public.products WHERE slug = 'fateh-capitan');
INSERT INTO public.specification_groups (id, product_id, key, label, position) VALUES (
  'seed:fateh-capitan:technical',
  (SELECT id FROM public.products WHERE slug = 'fateh-capitan'),
  'technical',
  '{"fa":"مشخصات فنی","en":"Technical Specifications"}'::jsonb,
  0
);
INSERT INTO public.specification_items (id, group_id, key, label, value, position) VALUES (
  'seed:fateh-capitan:technical:weight',
  'seed:fateh-capitan:technical',
  'weight',
  '{"fa":"وزن","en":"Weight"}'::jsonb,
  '{"fa":"۱۰۲ کیلوگرم"}'::jsonb,
  0
);
INSERT INTO public.specification_items (id, group_id, key, label, value, position) VALUES (
  'seed:fateh-capitan:technical:capacity',
  'seed:fateh-capitan:technical',
  'capacity',
  '{"fa":"تحمل وزن","en":"Weight Capacity"}'::jsonb,
  '{"fa":"۱۵۰ کیلوگرم"}'::jsonb,
  1
);
INSERT INTO public.specification_items (id, group_id, key, label, value, position) VALUES (
  'seed:fateh-capitan:technical:dimensions',
  'seed:fateh-capitan:technical',
  'dimensions',
  '{"fa":"ابعاد دستگاه","en":"Dimensions"}'::jsonb,
  '{"fa":"طول ۱۱۸ × عرض ۷۸ × ارتفاع ۱۲۲ سانتی‌متر"}'::jsonb,
  2
);
INSERT INTO public.specification_items (id, group_id, key, label, value, position) VALUES (
  'seed:fateh-capitan:technical:motor_type',
  'seed:fateh-capitan:technical',
  'motor_type',
  '{"fa":"نوع موتور","en":"Motor Type"}'::jsonb,
  '{"fa":"دو موتور DC"}'::jsonb,
  3
);
INSERT INTO public.specification_items (id, group_id, key, label, value, position) VALUES (
  'seed:fateh-capitan:technical:motor_power',
  'seed:fateh-capitan:technical',
  'motor_power',
  '{"fa":"قدرت موتور","en":"Motor Power"}'::jsonb,
  '{"fa":"۲ × ۵۰۰ یا ۴۵۰ وات (ساخت تایوان)"}'::jsonb,
  4
);
INSERT INTO public.specification_items (id, group_id, key, label, value, position) VALUES (
  'seed:fateh-capitan:technical:voltage',
  'seed:fateh-capitan:technical',
  'voltage',
  '{"fa":"ولتاژ","en":"Voltage"}'::jsonb,
  '{"fa":"۱۲ ولت"}'::jsonb,
  5
);
INSERT INTO public.specification_items (id, group_id, key, label, value, position) VALUES (
  'seed:fateh-capitan:technical:battery_capacity',
  'seed:fateh-capitan:technical',
  'battery_capacity',
  '{"fa":"ظرفیت باتری","en":"Battery Capacity"}'::jsonb,
  '{"fa":"۴۰ یا ۴۵ آمپر ساعت (۲ عدد - قابل افزایش تا ۴ عدد)"}'::jsonb,
  6
);
INSERT INTO public.specification_items (id, group_id, key, label, value, position) VALUES (
  'seed:fateh-capitan:technical:speed',
  'seed:fateh-capitan:technical',
  'speed',
  '{"fa":"سرعت","en":"Speed"}'::jsonb,
  '{"fa":"۱۸ کیلومتر بر ساعت (قابل تنظیم)"}'::jsonb,
  7
);
INSERT INTO public.specification_items (id, group_id, key, label, value, position) VALUES (
  'seed:fateh-capitan:technical:slope',
  'seed:fateh-capitan:technical',
  'slope',
  '{"fa":"زاویه شیب حرکت","en":"Slope Angle"}'::jsonb,
  '{"fa":"۱۲ درصد"}'::jsonb,
  8
);
INSERT INTO public.specification_items (id, group_id, key, label, value, position) VALUES (
  'seed:fateh-capitan:technical:charge_time',
  'seed:fateh-capitan:technical',
  'charge_time',
  '{"fa":"زمان شارژ مجدد","en":"Charge Time"}'::jsonb,
  '{"fa":"۵ ساعت"}'::jsonb,
  9
);
INSERT INTO public.specification_items (id, group_id, key, label, value, position) VALUES (
  'seed:fateh-capitan:technical:finish',
  'seed:fateh-capitan:technical',
  'finish',
  '{"fa":"جنس رنگ","en":"Finish"}'::jsonb,
  '{"fa":"الکترواستاتیک (قابل سفارشی‌سازی طبق رنگ دلخواه مشتری)"}'::jsonb,
  10
);
INSERT INTO public.specification_items (id, group_id, key, label, value, position) VALUES (
  'seed:fateh-capitan:technical:standards',
  'seed:fateh-capitan:technical',
  'standards',
  '{"fa":"استانداردها","en":"Standards"}'::jsonb,
  '{"fa":"ISO 13485"}'::jsonb,
  11
);
INSERT INTO public.certifications (id, product_id, name, position) VALUES (
  'seed:fateh-capitan:cert:0',
  (SELECT id FROM public.products WHERE slug = 'fateh-capitan'),
  'ISO 13485',
  0
);
INSERT INTO public.faq_items (id, product_id, question, answer, position) VALUES (
  'seed:fateh-capitan:faq:0',
  (SELECT id FROM public.products WHERE slug = 'fateh-capitan'),
  '{"fa":"مدت گارانتی چقدر است؟"}'::jsonb,
  '{"fa":"۱ سال — دستگاه مشمول گارانتی می‌شود در صورتی که دچار سانحه، تصادف، یا آسیب فیزیکی ناشی از استفاده نادرست توسط مشتری نشده باشد (خرابی ناشی از استفاده غلط مشمول گارانتی نمی‌شود)."}'::jsonb,
  0
);
INSERT INTO public.faq_items (id, product_id, question, answer, position) VALUES (
  'seed:fateh-capitan:faq:1',
  (SELECT id FROM public.products WHERE slug = 'fateh-capitan'),
  '{"fa":"خدمات پس از فروش چگونه است؟"}'::jsonb,
  '{"fa":"ارائه خدمات، تعمیرات و پشتیبانی قطعات به مدت ۵ سال رسمی (به دلیل واردات مستقیم، تأمین قطعات تا ۱۰ الی ۱۵ سال نیز توسط مجموعه امکان‌پذیر است)."}'::jsonb,
  1
);

INSERT INTO public.products (id, slug, category_key, code, name, series, description, short_description, features, status)
VALUES (
  'seed:fateh-extra-new',
  'fateh-extra-new',
  'POWER_WHEELCHAIRS'::public.product_category_key,
  'Fateh-fateh-extra-new',
  'ویلچر برقی فاتح اکسترا',
  '{"fa":"Upholstered Power Wheelchairs","en":"Upholstered Power Wheelchairs"}'::jsonb,
  '{"fa":"فاطح اکسترا ویژه‌ترین مدل از سری فاتح است که با تحمل وزن ۲۰۰ کیلوگرم و دو موتور ۵۰۰ یا ۴۵۰ وات ساخت تایوان، برای سنگین‌ترین کاربران طراحی شده است. کنترلرهای DYNAMIC یا P&G، سیستم کمک‌فنر و صندلی زاویه‌دار، تجربه‌ای ایمن، بادوام و قدرتمند را برای کاربران تضمین می‌کند. قابلیت افزایش باتری تا ۴ عدد نیز برای برد حرکتی بالا در نظر گرفته شده است."}'::jsonb,
  '{"fa":"ویلچر برقی فاتح اکسترا با تحمل وزن بی‌نظیر ۲۰۰ کیلوگرم، دو موتور ۵۰۰/۴۵۰ وات و سیستم تعلیق کمک‌فنر."}'::jsonb,
  '[{"fa":"صندلی زاویه‌دار"},{"fa":"زیرآرنجی و زیرپایی قابل تنظیم"},{"fa":"سیستم تعلیق کمک‌فنر"},{"fa":"قابلیت افزایش تعداد باتری تا ۴ عدد"},{"fa":"سیستم روشنایی"},{"fa":"کمربند ایمنی"},{"fa":"سیستم ضد واژگونی"},{"fa":"سیستم کنترلر DYNAMIC یا P&G"}]'::jsonb,
  'PUBLISHED'::public.product_status
) ON CONFLICT (slug) DO UPDATE SET
  category_key = EXCLUDED.category_key,
  code = EXCLUDED.code,
  name = EXCLUDED.name,
  series = EXCLUDED.series,
  description = EXCLUDED.description,
  short_description = EXCLUDED.short_description,
  features = EXCLUDED.features,
  status = EXCLUDED.status;
DELETE FROM public.specification_groups WHERE product_id = (SELECT id FROM public.products WHERE slug = 'fateh-extra-new');
DELETE FROM public.certifications      WHERE product_id = (SELECT id FROM public.products WHERE slug = 'fateh-extra-new');
DELETE FROM public.faq_items           WHERE product_id = (SELECT id FROM public.products WHERE slug = 'fateh-extra-new');
INSERT INTO public.specification_groups (id, product_id, key, label, position) VALUES (
  'seed:fateh-extra-new:technical',
  (SELECT id FROM public.products WHERE slug = 'fateh-extra-new'),
  'technical',
  '{"fa":"مشخصات فنی","en":"Technical Specifications"}'::jsonb,
  0
);
INSERT INTO public.specification_items (id, group_id, key, label, value, position) VALUES (
  'seed:fateh-extra-new:technical:weight',
  'seed:fateh-extra-new:technical',
  'weight',
  '{"fa":"وزن","en":"Weight"}'::jsonb,
  '{"fa":"۱۰۵ کیلوگرم"}'::jsonb,
  0
);
INSERT INTO public.specification_items (id, group_id, key, label, value, position) VALUES (
  'seed:fateh-extra-new:technical:capacity',
  'seed:fateh-extra-new:technical',
  'capacity',
  '{"fa":"تحمل وزن","en":"Weight Capacity"}'::jsonb,
  '{"fa":"۲۰۰ کیلوگرم"}'::jsonb,
  1
);
INSERT INTO public.specification_items (id, group_id, key, label, value, position) VALUES (
  'seed:fateh-extra-new:technical:dimensions',
  'seed:fateh-extra-new:technical',
  'dimensions',
  '{"fa":"ابعاد دستگاه","en":"Dimensions"}'::jsonb,
  '{"fa":"طول ۱۰۸ × عرض ۷۰ × ارتفاع ۱۲۰ سانتی‌متر"}'::jsonb,
  2
);
INSERT INTO public.specification_items (id, group_id, key, label, value, position) VALUES (
  'seed:fateh-extra-new:technical:motor_type',
  'seed:fateh-extra-new:technical',
  'motor_type',
  '{"fa":"نوع موتور","en":"Motor Type"}'::jsonb,
  '{"fa":"دو موتور DC"}'::jsonb,
  3
);
INSERT INTO public.specification_items (id, group_id, key, label, value, position) VALUES (
  'seed:fateh-extra-new:technical:motor_power',
  'seed:fateh-extra-new:technical',
  'motor_power',
  '{"fa":"قدرت موتور","en":"Motor Power"}'::jsonb,
  '{"fa":"۲ × ۵۰۰ یا ۴۵۰ وات (ساخت تایوان)"}'::jsonb,
  4
);
INSERT INTO public.specification_items (id, group_id, key, label, value, position) VALUES (
  'seed:fateh-extra-new:technical:voltage',
  'seed:fateh-extra-new:technical',
  'voltage',
  '{"fa":"ولتاژ","en":"Voltage"}'::jsonb,
  '{"fa":"۱۲ ولت"}'::jsonb,
  5
);
INSERT INTO public.specification_items (id, group_id, key, label, value, position) VALUES (
  'seed:fateh-extra-new:technical:battery_capacity',
  'seed:fateh-extra-new:technical',
  'battery_capacity',
  '{"fa":"ظرفیت باتری","en":"Battery Capacity"}'::jsonb,
  '{"fa":"۴۰ یا ۴۵ آمپر ساعت (۲ عدد - قابل افزایش تا ۴ عدد)"}'::jsonb,
  6
);
INSERT INTO public.specification_items (id, group_id, key, label, value, position) VALUES (
  'seed:fateh-extra-new:technical:speed',
  'seed:fateh-extra-new:technical',
  'speed',
  '{"fa":"سرعت","en":"Speed"}'::jsonb,
  '{"fa":"۱۵ کیلومتر بر ساعت (قابل تنظیم)"}'::jsonb,
  7
);
INSERT INTO public.specification_items (id, group_id, key, label, value, position) VALUES (
  'seed:fateh-extra-new:technical:slope',
  'seed:fateh-extra-new:technical',
  'slope',
  '{"fa":"زاویه شیب حرکت","en":"Slope Angle"}'::jsonb,
  '{"fa":"۱۲ درصد"}'::jsonb,
  8
);
INSERT INTO public.specification_items (id, group_id, key, label, value, position) VALUES (
  'seed:fateh-extra-new:technical:charge_time',
  'seed:fateh-extra-new:technical',
  'charge_time',
  '{"fa":"زمان شارژ مجدد","en":"Charge Time"}'::jsonb,
  '{"fa":"۵ ساعت"}'::jsonb,
  9
);
INSERT INTO public.specification_items (id, group_id, key, label, value, position) VALUES (
  'seed:fateh-extra-new:technical:finish',
  'seed:fateh-extra-new:technical',
  'finish',
  '{"fa":"جنس رنگ","en":"Finish"}'::jsonb,
  '{"fa":"الکترواستاتیک (قابل سفارشی‌سازی طبق رنگ دلخواه مشتری)"}'::jsonb,
  10
);
INSERT INTO public.specification_items (id, group_id, key, label, value, position) VALUES (
  'seed:fateh-extra-new:technical:standards',
  'seed:fateh-extra-new:technical',
  'standards',
  '{"fa":"استانداردها","en":"Standards"}'::jsonb,
  '{"fa":"ISO 13485"}'::jsonb,
  11
);
INSERT INTO public.certifications (id, product_id, name, position) VALUES (
  'seed:fateh-extra-new:cert:0',
  (SELECT id FROM public.products WHERE slug = 'fateh-extra-new'),
  'ISO 13485',
  0
);
INSERT INTO public.faq_items (id, product_id, question, answer, position) VALUES (
  'seed:fateh-extra-new:faq:0',
  (SELECT id FROM public.products WHERE slug = 'fateh-extra-new'),
  '{"fa":"مدت گارانتی چقدر است؟"}'::jsonb,
  '{"fa":"۱ سال — دستگاه مشمول گارانتی می‌شود در صورتی که دچار سانحه، تصادف، یا آسیب فیزیکی ناشی از استفاده نادرست توسط مشتری نشده باشد (خرابی ناشی از استفاده غلط مشمول گارانتی نمی‌شود)."}'::jsonb,
  0
);
INSERT INTO public.faq_items (id, product_id, question, answer, position) VALUES (
  'seed:fateh-extra-new:faq:1',
  (SELECT id FROM public.products WHERE slug = 'fateh-extra-new'),
  '{"fa":"خدمات پس از فروش چگونه است؟"}'::jsonb,
  '{"fa":"ارائه خدمات، تعمیرات و پشتیبانی قطعات به مدت ۵ سال رسمی (به دلیل واردات مستقیم، تأمین قطعات تا ۱۰ الی ۱۵ سال نیز توسط مجموعه امکان‌پذیر است)."}'::jsonb,
  1
);

INSERT INTO public.products (id, slug, category_key, code, name, series, description, short_description, features, status)
VALUES (
  'seed:m150-4wheel',
  'm150-4wheel',
  'MOBILITY_AIDS'::public.product_category_key,
  'Mobility Scooter-m150-4wheel',
  'اسکوتر الکترونیکی M150',
  NULL,
  '{"fa":"اسکوتر M150 یک وسیله نقلیه شخصی برقی با قابلیت جابه‌جایی آسان در فضاهای داخلی و خارجی است. با برخورداری از یک موتور ۵۰۰ وات تایوان، سیستم تعلیق کمک‌فنر، فرمان کنترل‌شونده و آینه‌های بغل، تجربه رانندگی ایمن و راحتی را برای کاربران فراهم می‌آورد. ظرفیت بالای باتری (۴۵ آمپر ساعت) و تحمل وزن ۱۵۰ کیلوگرم، آن را به گزینه‌ای برای سفرهای روزمره طولانی تبدیل کرده است."}'::jsonb,
  '{"fa":"اسکوتر برقی M150 با یک موتور ۵۰۰ وات، دارای سیستم تعلیق، آینه بغل و قابلیت حمل بار تا ۱۵۰ کیلوگرم."}'::jsonb,
  '[{"fa":"آینه بغل"},{"fa":"سیستم تعلیق کمک‌فنر"},{"fa":"قابلیت تنظیم ارتفاع زیرآرنجی"},{"fa":"سیستم روشنایی"},{"fa":"دارای سبد خرید (Shopping basket)"},{"fa":"صندلی ارگونومیک"}]'::jsonb,
  'PUBLISHED'::public.product_status
) ON CONFLICT (slug) DO UPDATE SET
  category_key = EXCLUDED.category_key,
  code = EXCLUDED.code,
  name = EXCLUDED.name,
  series = EXCLUDED.series,
  description = EXCLUDED.description,
  short_description = EXCLUDED.short_description,
  features = EXCLUDED.features,
  status = EXCLUDED.status;
DELETE FROM public.specification_groups WHERE product_id = (SELECT id FROM public.products WHERE slug = 'm150-4wheel');
DELETE FROM public.certifications      WHERE product_id = (SELECT id FROM public.products WHERE slug = 'm150-4wheel');
DELETE FROM public.faq_items           WHERE product_id = (SELECT id FROM public.products WHERE slug = 'm150-4wheel');
INSERT INTO public.specification_groups (id, product_id, key, label, position) VALUES (
  'seed:m150-4wheel:technical',
  (SELECT id FROM public.products WHERE slug = 'm150-4wheel'),
  'technical',
  '{"fa":"مشخصات فنی","en":"Technical Specifications"}'::jsonb,
  0
);
INSERT INTO public.specification_items (id, group_id, key, label, value, position) VALUES (
  'seed:m150-4wheel:technical:weight',
  'seed:m150-4wheel:technical',
  'weight',
  '{"fa":"وزن","en":"Weight"}'::jsonb,
  '{"fa":"۹۰ کیلوگرم"}'::jsonb,
  0
);
INSERT INTO public.specification_items (id, group_id, key, label, value, position) VALUES (
  'seed:m150-4wheel:technical:capacity',
  'seed:m150-4wheel:technical',
  'capacity',
  '{"fa":"تحمل وزن","en":"Weight Capacity"}'::jsonb,
  '{"fa":"۱۵۰ کیلوگرم"}'::jsonb,
  1
);
INSERT INTO public.specification_items (id, group_id, key, label, value, position) VALUES (
  'seed:m150-4wheel:technical:dimensions',
  'seed:m150-4wheel:technical',
  'dimensions',
  '{"fa":"ابعاد دستگاه","en":"Dimensions"}'::jsonb,
  '{"fa":"طول ۱۲۶ × عرض ۶۴ × ارتفاع ۹۰ سانتی‌متر"}'::jsonb,
  2
);
INSERT INTO public.specification_items (id, group_id, key, label, value, position) VALUES (
  'seed:m150-4wheel:technical:motor_type',
  'seed:m150-4wheel:technical',
  'motor_type',
  '{"fa":"نوع موتور","en":"Motor Type"}'::jsonb,
  '{"fa":"تک موتور DC"}'::jsonb,
  3
);
INSERT INTO public.specification_items (id, group_id, key, label, value, position) VALUES (
  'seed:m150-4wheel:technical:motor_power',
  'seed:m150-4wheel:technical',
  'motor_power',
  '{"fa":"قدرت موتور","en":"Motor Power"}'::jsonb,
  '{"fa":"۱ × ۵۰۰ وات (ساخت تایوان)"}'::jsonb,
  4
);
INSERT INTO public.specification_items (id, group_id, key, label, value, position) VALUES (
  'seed:m150-4wheel:technical:voltage',
  'seed:m150-4wheel:technical',
  'voltage',
  '{"fa":"ولتاژ","en":"Voltage"}'::jsonb,
  '{"fa":"۱۲ ولت"}'::jsonb,
  5
);
INSERT INTO public.specification_items (id, group_id, key, label, value, position) VALUES (
  'seed:m150-4wheel:technical:battery_capacity',
  'seed:m150-4wheel:technical',
  'battery_capacity',
  '{"fa":"ظرفیت باتری","en":"Battery Capacity"}'::jsonb,
  '{"fa":"۴۰ یا ۴۵ آمپر ساعت (۲ عدد)"}'::jsonb,
  6
);
INSERT INTO public.specification_items (id, group_id, key, label, value, position) VALUES (
  'seed:m150-4wheel:technical:speed',
  'seed:m150-4wheel:technical',
  'speed',
  '{"fa":"سرعت","en":"Speed"}'::jsonb,
  '{"fa":"۱۲ کیلومتر بر ساعت (قابل تنظیم)"}'::jsonb,
  7
);
INSERT INTO public.specification_items (id, group_id, key, label, value, position) VALUES (
  'seed:m150-4wheel:technical:slope',
  'seed:m150-4wheel:technical',
  'slope',
  '{"fa":"زاویه شیب حرکت","en":"Slope Angle"}'::jsonb,
  '{"fa":"۱۲ درصد"}'::jsonb,
  8
);
INSERT INTO public.specification_items (id, group_id, key, label, value, position) VALUES (
  'seed:m150-4wheel:technical:charge_time',
  'seed:m150-4wheel:technical',
  'charge_time',
  '{"fa":"زمان شارژ مجدد","en":"Charge Time"}'::jsonb,
  '{"fa":"۵ ساعت"}'::jsonb,
  9
);
INSERT INTO public.specification_items (id, group_id, key, label, value, position) VALUES (
  'seed:m150-4wheel:technical:finish',
  'seed:m150-4wheel:technical',
  'finish',
  '{"fa":"جنس رنگ","en":"Finish"}'::jsonb,
  '{"fa":"الکترواستاتیک"}'::jsonb,
  10
);
INSERT INTO public.specification_items (id, group_id, key, label, value, position) VALUES (
  'seed:m150-4wheel:technical:standards',
  'seed:m150-4wheel:technical',
  'standards',
  '{"fa":"استانداردها","en":"Standards"}'::jsonb,
  '{"fa":"ISO 13485"}'::jsonb,
  11
);
INSERT INTO public.certifications (id, product_id, name, position) VALUES (
  'seed:m150-4wheel:cert:0',
  (SELECT id FROM public.products WHERE slug = 'm150-4wheel'),
  'ISO 13485',
  0
);
INSERT INTO public.faq_items (id, product_id, question, answer, position) VALUES (
  'seed:m150-4wheel:faq:0',
  (SELECT id FROM public.products WHERE slug = 'm150-4wheel'),
  '{"fa":"مدت گارانتی چقدر است؟"}'::jsonb,
  '{"fa":"۱ سال — دستگاه مشمول گارانتی می‌شود در صورتی که دچار سانحه، تصادف، یا آسیب فیزیکی ناشی از استفاده نادرست توسط مشتری نشده باشد (خرابی ناشی از استفاده غلط مشمول گارانتی نمی‌شود)."}'::jsonb,
  0
);
INSERT INTO public.faq_items (id, product_id, question, answer, position) VALUES (
  'seed:m150-4wheel:faq:1',
  (SELECT id FROM public.products WHERE slug = 'm150-4wheel'),
  '{"fa":"خدمات پس از فروش چگونه است؟"}'::jsonb,
  '{"fa":"ارائه خدمات، تعمیرات و پشتیبانی قطعات به مدت ۵ سال رسمی (به دلیل واردات مستقیم، تأمین قطعات تا ۱۰ الی ۱۵ سال نیز توسط مجموعه امکان‌پذیر است)."}'::jsonb,
  1
);

INSERT INTO public.products (id, slug, category_key, code, name, series, description, short_description, features, status)
VALUES (
  'seed:l160',
  'l160',
  'MOBILITY_AIDS'::public.product_category_key,
  'Electric Patient Lift-l160',
  'بالابر (لیفت) الکترونیکی بیمار L160',
  NULL,
  '{"fa":"بالابر بیمار مدل L160 با اکچویتور قدرتمند ۶۰۰۰ نیوتن برند Linak و ابعاد پایه ۶۸×۱۱۹ سانتی‌متر، برای انتقال ایمن و کم‌خطر بیماران طراحی شده است. ساختار تاشو برای حمل‌ونقل، همراه با سیستم کنترل پدالی و باتری‌های ۲×۹ آمپر ساعت، یک راه‌حل تخصصی و استاندارد برای مراکز درمانی و مراقبت‌های خانگی ارائه می‌دهد."}'::jsonb,
  '{"fa":"لیفت بیمار الکترونیکی L160، مجهز به اکچویتور ۶۰۰۰ نیوتن Linak و قابلیت تحمل وزن ۱۲۰ کیلوگرم."}'::jsonb,
  '[{"fa":"پدال کنترل زاویه‌دار (Angular Foot Pedal)"},{"fa":"قابلیت تاشوندگی برای حمل‌ونقل"},{"fa":"عملکرد روان اکچویتور Linak"}]'::jsonb,
  'PUBLISHED'::public.product_status
) ON CONFLICT (slug) DO UPDATE SET
  category_key = EXCLUDED.category_key,
  code = EXCLUDED.code,
  name = EXCLUDED.name,
  series = EXCLUDED.series,
  description = EXCLUDED.description,
  short_description = EXCLUDED.short_description,
  features = EXCLUDED.features,
  status = EXCLUDED.status;
DELETE FROM public.specification_groups WHERE product_id = (SELECT id FROM public.products WHERE slug = 'l160');
DELETE FROM public.certifications      WHERE product_id = (SELECT id FROM public.products WHERE slug = 'l160');
DELETE FROM public.faq_items           WHERE product_id = (SELECT id FROM public.products WHERE slug = 'l160');
INSERT INTO public.specification_groups (id, product_id, key, label, position) VALUES (
  'seed:l160:technical',
  (SELECT id FROM public.products WHERE slug = 'l160'),
  'technical',
  '{"fa":"مشخصات فنی","en":"Technical Specifications"}'::jsonb,
  0
);
INSERT INTO public.specification_items (id, group_id, key, label, value, position) VALUES (
  'seed:l160:technical:actuator_type',
  'seed:l160:technical',
  'actuator_type',
  '{"fa":"نوع اکچویتور","en":"Actuator Type"}'::jsonb,
  '{"fa":"۶۰۰۰ نیوتن (Linak)"}'::jsonb,
  0
);
INSERT INTO public.specification_items (id, group_id, key, label, value, position) VALUES (
  'seed:l160:technical:battery',
  'seed:l160:technical',
  'battery',
  '{"fa":"باتری","en":"Battery"}'::jsonb,
  '{"fa":"۲×۲/۹ آمپر ساعت"}'::jsonb,
  1
);
INSERT INTO public.specification_items (id, group_id, key, label, value, position) VALUES (
  'seed:l160:technical:weight',
  'seed:l160:technical',
  'weight',
  '{"fa":"وزن","en":"Weight"}'::jsonb,
  '{"fa":"۵۰ کیلوگرم"}'::jsonb,
  2
);
INSERT INTO public.specification_items (id, group_id, key, label, value, position) VALUES (
  'seed:l160:technical:capacity',
  'seed:l160:technical',
  'capacity',
  '{"fa":"تحمل وزن","en":"Weight Capacity"}'::jsonb,
  '{"fa":"۱۲۰ کیلوگرم"}'::jsonb,
  3
);
INSERT INTO public.specification_items (id, group_id, key, label, value, position) VALUES (
  'seed:l160:technical:dimensions',
  'seed:l160:technical',
  'dimensions',
  '{"fa":"ابعاد پایه","en":"Base Dimensions"}'::jsonb,
  '{"fa":"طول ۱۱۹ × عرض ۶۸ سانتی‌متر"}'::jsonb,
  4
);
INSERT INTO public.specification_items (id, group_id, key, label, value, position) VALUES (
  'seed:l160:technical:standards',
  'seed:l160:technical',
  'standards',
  '{"fa":"استانداردها","en":"Standards"}'::jsonb,
  '{"fa":"ISO 13485"}'::jsonb,
  5
);
INSERT INTO public.certifications (id, product_id, name, position) VALUES (
  'seed:l160:cert:0',
  (SELECT id FROM public.products WHERE slug = 'l160'),
  'ISO 13485',
  0
);
INSERT INTO public.faq_items (id, product_id, question, answer, position) VALUES (
  'seed:l160:faq:0',
  (SELECT id FROM public.products WHERE slug = 'l160'),
  '{"fa":"مدت گارانتی چقدر است؟"}'::jsonb,
  '{"fa":"۱ سال — دستگاه مشمول گارانتی می‌شود در صورتی که دچار سانحه، تصادف، یا آسیب فیزیکی ناشی از استفاده نادرست توسط مشتری نشده باشد (خرابی ناشی از استفاده غلط مشمول گارانتی نمی‌شود)."}'::jsonb,
  0
);
INSERT INTO public.faq_items (id, product_id, question, answer, position) VALUES (
  'seed:l160:faq:1',
  (SELECT id FROM public.products WHERE slug = 'l160'),
  '{"fa":"خدمات پس از فروش چگونه است؟"}'::jsonb,
  '{"fa":"ارائه خدمات، تعمیرات و پشتیبانی قطعات به مدت ۵ سال رسمی (به دلیل واردات مستقیم، تأمین قطعات تا ۱۰ الی ۱۵ سال نیز توسط مجموعه امکان‌پذیر است)."}'::jsonb,
  1
);

INSERT INTO public.products (id, slug, category_key, code, name, series, description, short_description, features, status)
VALUES (
  'seed:l180',
  'l180',
  'MOBILITY_AIDS'::public.product_category_key,
  'Electric Patient Lift-l180',
  'بالابر (لیفت) الکترونیکی بیمار L180',
  NULL,
  '{"fa":"بالابر بیمار مدل L180 با قابلیت تحمل ۱۵۰ کیلوگرم وزن، به کاربران امکان جابجایی بیماران سنگین‌وزن را با استفاده از اکچویتور ۶۰۰۰ نیوتن برند Linak می‌دهد. سیستم پدال کنترل زاویه‌دار و قابلیت تاشوندگی، آن را به یکی از تجهیزات حیاتی و ضروری در کلینیک‌ها و مراکز مراقبت‌های ویژه تبدیل کرده است."}'::jsonb,
  '{"fa":"لیفت بیمار الکترونیکی L180، مجهز به اکچویتور ۶۰۰۰ نیوتن Linak و قابلیت تحمل وزن ۱۵۰ کیلوگرم."}'::jsonb,
  '[{"fa":"پدال کنترل زاویه‌دار (Angular Foot Pedal)"},{"fa":"قابلیت تاشوندگی برای حمل‌ونقل"},{"fa":"عملکرد روان اکچویتور Linak"}]'::jsonb,
  'PUBLISHED'::public.product_status
) ON CONFLICT (slug) DO UPDATE SET
  category_key = EXCLUDED.category_key,
  code = EXCLUDED.code,
  name = EXCLUDED.name,
  series = EXCLUDED.series,
  description = EXCLUDED.description,
  short_description = EXCLUDED.short_description,
  features = EXCLUDED.features,
  status = EXCLUDED.status;
DELETE FROM public.specification_groups WHERE product_id = (SELECT id FROM public.products WHERE slug = 'l180');
DELETE FROM public.certifications      WHERE product_id = (SELECT id FROM public.products WHERE slug = 'l180');
DELETE FROM public.faq_items           WHERE product_id = (SELECT id FROM public.products WHERE slug = 'l180');
INSERT INTO public.specification_groups (id, product_id, key, label, position) VALUES (
  'seed:l180:technical',
  (SELECT id FROM public.products WHERE slug = 'l180'),
  'technical',
  '{"fa":"مشخصات فنی","en":"Technical Specifications"}'::jsonb,
  0
);
INSERT INTO public.specification_items (id, group_id, key, label, value, position) VALUES (
  'seed:l180:technical:actuator_type',
  'seed:l180:technical',
  'actuator_type',
  '{"fa":"نوع اکچویتور","en":"Actuator Type"}'::jsonb,
  '{"fa":"۶۰۰۰ نیوتن (Linak)"}'::jsonb,
  0
);
INSERT INTO public.specification_items (id, group_id, key, label, value, position) VALUES (
  'seed:l180:technical:battery',
  'seed:l180:technical',
  'battery',
  '{"fa":"باتری","en":"Battery"}'::jsonb,
  '{"fa":"۲×۲/۹ آمپر ساعت"}'::jsonb,
  1
);
INSERT INTO public.specification_items (id, group_id, key, label, value, position) VALUES (
  'seed:l180:technical:weight',
  'seed:l180:technical',
  'weight',
  '{"fa":"وزن","en":"Weight"}'::jsonb,
  '{"fa":"۵۲ کیلوگرم"}'::jsonb,
  2
);
INSERT INTO public.specification_items (id, group_id, key, label, value, position) VALUES (
  'seed:l180:technical:capacity',
  'seed:l180:technical',
  'capacity',
  '{"fa":"تحمل وزن","en":"Weight Capacity"}'::jsonb,
  '{"fa":"۱۵۰ کیلوگرم"}'::jsonb,
  3
);
INSERT INTO public.specification_items (id, group_id, key, label, value, position) VALUES (
  'seed:l180:technical:dimensions',
  'seed:l180:technical',
  'dimensions',
  '{"fa":"ابعاد پایه","en":"Base Dimensions"}'::jsonb,
  '{"fa":"طول ۱۱۹ × عرض ۶۸ سانتی‌متر"}'::jsonb,
  4
);
INSERT INTO public.specification_items (id, group_id, key, label, value, position) VALUES (
  'seed:l180:technical:standards',
  'seed:l180:technical',
  'standards',
  '{"fa":"استانداردها","en":"Standards"}'::jsonb,
  '{"fa":"ISO 13485"}'::jsonb,
  5
);
INSERT INTO public.certifications (id, product_id, name, position) VALUES (
  'seed:l180:cert:0',
  (SELECT id FROM public.products WHERE slug = 'l180'),
  'ISO 13485',
  0
);
INSERT INTO public.faq_items (id, product_id, question, answer, position) VALUES (
  'seed:l180:faq:0',
  (SELECT id FROM public.products WHERE slug = 'l180'),
  '{"fa":"مدت گارانتی چقدر است؟"}'::jsonb,
  '{"fa":"۱ سال — دستگاه مشمول گارانتی می‌شود در صورتی که دچار سانحه، تصادف، یا آسیب فیزیکی ناشی از استفاده نادرست توسط مشتری نشده باشد (خرابی ناشی از استفاده غلط مشمول گارانتی نمی‌شود)."}'::jsonb,
  0
);
INSERT INTO public.faq_items (id, product_id, question, answer, position) VALUES (
  'seed:l180:faq:1',
  (SELECT id FROM public.products WHERE slug = 'l180'),
  '{"fa":"خدمات پس از فروش چگونه است؟"}'::jsonb,
  '{"fa":"ارائه خدمات، تعمیرات و پشتیبانی قطعات به مدت ۵ سال رسمی (به دلیل واردات مستقیم، تأمین قطعات تا ۱۰ الی ۱۵ سال نیز توسط مجموعه امکان‌پذیر است)."}'::jsonb,
  1
);

INSERT INTO public.products (id, slug, category_key, code, name, series, description, short_description, features, status)
VALUES (
  'seed:l280',
  'l280',
  'MOBILITY_AIDS'::public.product_category_key,
  'Electric Patient Lift-l280',
  'بالابر (لیفت) الکترونیکی بیمار L280',
  NULL,
  '{"fa":"مدل L280 بالاترین سطح تکنولوژی را در لیفت‌های بیمار ارائه می‌دهد و دارای پایه کنترل زاویه‌دار الکتریکی (به جای مکانیکی/پدالی) و اکچویتور ۶۰۰۰ نیوتن Linak است. با تحمل وزن ۱۵۰ کیلوگرم، این دستگاه برای بالاترین استانداردهای ایمنی در بیمارستان‌ها و مراکز مراقبت ویژه طراحی شده است."}'::jsonb,
  '{"fa":"لیفت بیمار الکترونیکی L280 با پایه کنترل زاویه‌دار الکتریکی و اکچویتور ۶۰۰۰ نیوتن Linak، مناسب برای بیماران سنگین‌وزن."}'::jsonb,
  '[{"fa":"پایه کنترل زاویه‌دار الکتریکی (Electrical Angular Foot)"},{"fa":"قابلیت تاشوندگی برای حمل‌ونقل"},{"fa":"عملکرد روان اکچویتور Linak"}]'::jsonb,
  'PUBLISHED'::public.product_status
) ON CONFLICT (slug) DO UPDATE SET
  category_key = EXCLUDED.category_key,
  code = EXCLUDED.code,
  name = EXCLUDED.name,
  series = EXCLUDED.series,
  description = EXCLUDED.description,
  short_description = EXCLUDED.short_description,
  features = EXCLUDED.features,
  status = EXCLUDED.status;
DELETE FROM public.specification_groups WHERE product_id = (SELECT id FROM public.products WHERE slug = 'l280');
DELETE FROM public.certifications      WHERE product_id = (SELECT id FROM public.products WHERE slug = 'l280');
DELETE FROM public.faq_items           WHERE product_id = (SELECT id FROM public.products WHERE slug = 'l280');
INSERT INTO public.specification_groups (id, product_id, key, label, position) VALUES (
  'seed:l280:technical',
  (SELECT id FROM public.products WHERE slug = 'l280'),
  'technical',
  '{"fa":"مشخصات فنی","en":"Technical Specifications"}'::jsonb,
  0
);
INSERT INTO public.specification_items (id, group_id, key, label, value, position) VALUES (
  'seed:l280:technical:actuator_type',
  'seed:l280:technical',
  'actuator_type',
  '{"fa":"نوع اکچویتور","en":"Actuator Type"}'::jsonb,
  '{"fa":"۶۰۰۰ نیوتن (Linak)"}'::jsonb,
  0
);
INSERT INTO public.specification_items (id, group_id, key, label, value, position) VALUES (
  'seed:l280:technical:battery',
  'seed:l280:technical',
  'battery',
  '{"fa":"باتری","en":"Battery"}'::jsonb,
  '{"fa":"۲×۲/۹ آمپر ساعت"}'::jsonb,
  1
);
INSERT INTO public.specification_items (id, group_id, key, label, value, position) VALUES (
  'seed:l280:technical:weight',
  'seed:l280:technical',
  'weight',
  '{"fa":"وزن","en":"Weight"}'::jsonb,
  '{"fa":"۵۲ کیلوگرم"}'::jsonb,
  2
);
INSERT INTO public.specification_items (id, group_id, key, label, value, position) VALUES (
  'seed:l280:technical:capacity',
  'seed:l280:technical',
  'capacity',
  '{"fa":"تحمل وزن","en":"Weight Capacity"}'::jsonb,
  '{"fa":"۱۵۰ کیلوگرم"}'::jsonb,
  3
);
INSERT INTO public.specification_items (id, group_id, key, label, value, position) VALUES (
  'seed:l280:technical:dimensions',
  'seed:l280:technical',
  'dimensions',
  '{"fa":"ابعاد پایه","en":"Base Dimensions"}'::jsonb,
  '{"fa":"طول ۱۱۹ × عرض ۶۸ سانتی‌متر"}'::jsonb,
  4
);
INSERT INTO public.specification_items (id, group_id, key, label, value, position) VALUES (
  'seed:l280:technical:standards',
  'seed:l280:technical',
  'standards',
  '{"fa":"استانداردها","en":"Standards"}'::jsonb,
  '{"fa":"ISO 13485"}'::jsonb,
  5
);
INSERT INTO public.certifications (id, product_id, name, position) VALUES (
  'seed:l280:cert:0',
  (SELECT id FROM public.products WHERE slug = 'l280'),
  'ISO 13485',
  0
);
INSERT INTO public.faq_items (id, product_id, question, answer, position) VALUES (
  'seed:l280:faq:0',
  (SELECT id FROM public.products WHERE slug = 'l280'),
  '{"fa":"مدت گارانتی چقدر است؟"}'::jsonb,
  '{"fa":"۱ سال — دستگاه مشمول گارانتی می‌شود در صورتی که دچار سانحه، تصادف، یا آسیب فیزیکی ناشی از استفاده نادرست توسط مشتری نشده باشد (خرابی ناشی از استفاده غلط مشمول گارانتی نمی‌شود)."}'::jsonb,
  0
);
INSERT INTO public.faq_items (id, product_id, question, answer, position) VALUES (
  'seed:l280:faq:1',
  (SELECT id FROM public.products WHERE slug = 'l280'),
  '{"fa":"خدمات پس از فروش چگونه است؟"}'::jsonb,
  '{"fa":"ارائه خدمات، تعمیرات و پشتیبانی قطعات به مدت ۵ سال رسمی (به دلیل واردات مستقیم، تأمین قطعات تا ۱۰ الی ۱۵ سال نیز توسط مجموعه امکان‌پذیر است)."}'::jsonb,
  1
);

INSERT INTO public.products (id, slug, category_key, code, name, series, description, short_description, features, status)
VALUES (
  'seed:alpha850-al',
  'alpha850-al',
  'MANUAL_WHEELCHAIRS'::public.product_category_key,
  'Alpha-alpha850-al',
  'ویلچر دستی تاشو آلفا 850',
  NULL,
  '{"fa":"آلفا 850 یک ویلچر دستی تاشو با طراحی مهندسی‌شده برای حمل‌ونقل آسان و دوام بالا است. ساختار شاسی از ترکیب فولاد و آلومینیوم و رنگ الکترواستاتیک پودری، استحکام و ماندگاری آن را تضمین کرده و با تحمل وزن ۱۵۰ کیلوگرم، گزینه‌ای استاندارد برای مصارف پزشکی، بیمارستانی و خانگی محسوب می‌شود."}'::jsonb,
  '{"fa":"ویلچر دستی تاشو آلفا 850، با وزن ۱۹ کیلوگرم، شاسی فولاد و آلومینیوم و رنگ الکترواستاتیک پودری."}'::jsonb,
  '[{"fa":"قابلیت تاشوندگی"},{"fa":"زیرآرنجی متحرک و قابل تنظیم"},{"fa":"زیرپایی متحرک"},{"fa":"پشتی ثابت"},{"fa":"کمربند ضربدری (Double Cross Over)"},{"fa":"رنگ الکترواستاتیک پودری مقاوم"}]'::jsonb,
  'PUBLISHED'::public.product_status
) ON CONFLICT (slug) DO UPDATE SET
  category_key = EXCLUDED.category_key,
  code = EXCLUDED.code,
  name = EXCLUDED.name,
  series = EXCLUDED.series,
  description = EXCLUDED.description,
  short_description = EXCLUDED.short_description,
  features = EXCLUDED.features,
  status = EXCLUDED.status;
DELETE FROM public.specification_groups WHERE product_id = (SELECT id FROM public.products WHERE slug = 'alpha850-al');
DELETE FROM public.certifications      WHERE product_id = (SELECT id FROM public.products WHERE slug = 'alpha850-al');
DELETE FROM public.faq_items           WHERE product_id = (SELECT id FROM public.products WHERE slug = 'alpha850-al');
INSERT INTO public.specification_groups (id, product_id, key, label, position) VALUES (
  'seed:alpha850-al:technical',
  (SELECT id FROM public.products WHERE slug = 'alpha850-al'),
  'technical',
  '{"fa":"مشخصات فنی","en":"Technical Specifications"}'::jsonb,
  0
);
INSERT INTO public.specification_items (id, group_id, key, label, value, position) VALUES (
  'seed:alpha850-al:technical:weight',
  'seed:alpha850-al:technical',
  'weight',
  '{"fa":"وزن","en":"Weight"}'::jsonb,
  '{"fa":"۱۹ کیلوگرم"}'::jsonb,
  0
);
INSERT INTO public.specification_items (id, group_id, key, label, value, position) VALUES (
  'seed:alpha850-al:technical:capacity',
  'seed:alpha850-al:technical',
  'capacity',
  '{"fa":"تحمل وزن","en":"Weight Capacity"}'::jsonb,
  '{"fa":"۱۵۰ کیلوگرم"}'::jsonb,
  1
);
INSERT INTO public.specification_items (id, group_id, key, label, value, position) VALUES (
  'seed:alpha850-al:technical:dimensions',
  'seed:alpha850-al:technical',
  'dimensions',
  '{"fa":"ابعاد دستگاه","en":"Dimensions"}'::jsonb,
  '{"fa":"طول ۱۰۰ × عرض ۶۶ × ارتفاع ۸۸ سانتی‌متر"}'::jsonb,
  2
);
INSERT INTO public.specification_items (id, group_id, key, label, value, position) VALUES (
  'seed:alpha850-al:technical:frame_material',
  'seed:alpha850-al:technical',
  'frame_material',
  '{"fa":"جنس فریم","en":"Frame Material"}'::jsonb,
  '{"fa":"فولاد و آلومینیوم"}'::jsonb,
  3
);
INSERT INTO public.specification_items (id, group_id, key, label, value, position) VALUES (
  'seed:alpha850-al:technical:finish',
  'seed:alpha850-al:technical',
  'finish',
  '{"fa":"جنس رنگ","en":"Finish"}'::jsonb,
  '{"fa":"الکترواستاتیک پودری"}'::jsonb,
  4
);
INSERT INTO public.specification_items (id, group_id, key, label, value, position) VALUES (
  'seed:alpha850-al:technical:rear_wheel',
  'seed:alpha850-al:technical',
  'rear_wheel',
  '{"fa":"چرخ عقب","en":"Rear Wheel"}'::jsonb,
  '{"fa":"۲۴ اینچ (توپر)"}'::jsonb,
  5
);
INSERT INTO public.specification_items (id, group_id, key, label, value, position) VALUES (
  'seed:alpha850-al:technical:front_wheel',
  'seed:alpha850-al:technical',
  'front_wheel',
  '{"fa":"چرخ جلو","en":"Front Wheel"}'::jsonb,
  '{"fa":"۶ اینچ (توپر)"}'::jsonb,
  6
);
INSERT INTO public.specification_items (id, group_id, key, label, value, position) VALUES (
  'seed:alpha850-al:technical:seat_size',
  'seed:alpha850-al:technical',
  'seat_size',
  '{"fa":"سایز صندلی","en":"Seat Size"}'::jsonb,
  '{"fa":"۴۲ سانتی‌متر"}'::jsonb,
  7
);
INSERT INTO public.specification_items (id, group_id, key, label, value, position) VALUES (
  'seed:alpha850-al:technical:standards',
  'seed:alpha850-al:technical',
  'standards',
  '{"fa":"استانداردها","en":"Standards"}'::jsonb,
  '{"fa":"ISO 13485"}'::jsonb,
  8
);
INSERT INTO public.certifications (id, product_id, name, position) VALUES (
  'seed:alpha850-al:cert:0',
  (SELECT id FROM public.products WHERE slug = 'alpha850-al'),
  'ISO 13485',
  0
);
INSERT INTO public.faq_items (id, product_id, question, answer, position) VALUES (
  'seed:alpha850-al:faq:0',
  (SELECT id FROM public.products WHERE slug = 'alpha850-al'),
  '{"fa":"مدت گارانتی چقدر است؟"}'::jsonb,
  '{"fa":"۱ سال — دستگاه مشمول گارانتی می‌شود در صورتی که دچار سانحه، تصادف، یا آسیب فیزیکی ناشی از استفاده نادرست توسط مشتری نشده باشد (خرابی ناشی از استفاده غلط مشمول گارانتی نمی‌شود)."}'::jsonb,
  0
);
INSERT INTO public.faq_items (id, product_id, question, answer, position) VALUES (
  'seed:alpha850-al:faq:1',
  (SELECT id FROM public.products WHERE slug = 'alpha850-al'),
  '{"fa":"خدمات پس از فروش چگونه است؟"}'::jsonb,
  '{"fa":"ارائه خدمات، تعمیرات و پشتیبانی قطعات به مدت ۵ سال رسمی (به دلیل واردات مستقیم، تأمین قطعات تا ۱۰ الی ۱۵ سال نیز توسط مجموعه امکان‌پذیر است)."}'::jsonb,
  1
);

INSERT INTO public.products (id, slug, category_key, code, name, series, description, short_description, features, status)
VALUES (
  'seed:alpha851-al',
  'alpha851-al',
  'MANUAL_WHEELCHAIRS'::public.product_category_key,
  'Alpha-alpha851-al',
  'ویلچر دستی تاشو آلفا 851',
  NULL,
  '{"fa":"آلفا 851 با ترکیب شاسی فولاد و آلومینیوم، وزن ۲۰ کیلوگرم و قابلیت تحمل ۱۵۰ کیلوگرم، محصولی پایدار و مقاوم برای استفاده‌های روزمره است. رنگ پودری الکترواستاتیک، دوام آن را در برابر خوردگی و سایش افزایش داده و مناسب برای بیمارستان‌ها، مراکز درمانی و منازل است."}'::jsonb,
  '{"fa":"ویلچر دستی تاشو آلفا 851، با وزن ۲۰ کیلوگرم، دارای شاسی فولاد و آلومینیوم و قابلیت تحمل وزن ۱۵۰ کیلوگرم."}'::jsonb,
  '[{"fa":"قابلیت تاشوندگی"},{"fa":"زیرآرنجی متحرک و قابل تنظیم"},{"fa":"زیرپایی متحرک"},{"fa":"پشتی ثابت"},{"fa":"کمربند ضربدری (Double Cross Over)"},{"fa":"رنگ الکترواستاتیک پودری مقاوم"}]'::jsonb,
  'PUBLISHED'::public.product_status
) ON CONFLICT (slug) DO UPDATE SET
  category_key = EXCLUDED.category_key,
  code = EXCLUDED.code,
  name = EXCLUDED.name,
  series = EXCLUDED.series,
  description = EXCLUDED.description,
  short_description = EXCLUDED.short_description,
  features = EXCLUDED.features,
  status = EXCLUDED.status;
DELETE FROM public.specification_groups WHERE product_id = (SELECT id FROM public.products WHERE slug = 'alpha851-al');
DELETE FROM public.certifications      WHERE product_id = (SELECT id FROM public.products WHERE slug = 'alpha851-al');
DELETE FROM public.faq_items           WHERE product_id = (SELECT id FROM public.products WHERE slug = 'alpha851-al');
INSERT INTO public.specification_groups (id, product_id, key, label, position) VALUES (
  'seed:alpha851-al:technical',
  (SELECT id FROM public.products WHERE slug = 'alpha851-al'),
  'technical',
  '{"fa":"مشخصات فنی","en":"Technical Specifications"}'::jsonb,
  0
);
INSERT INTO public.specification_items (id, group_id, key, label, value, position) VALUES (
  'seed:alpha851-al:technical:weight',
  'seed:alpha851-al:technical',
  'weight',
  '{"fa":"وزن","en":"Weight"}'::jsonb,
  '{"fa":"۲۰ کیلوگرم"}'::jsonb,
  0
);
INSERT INTO public.specification_items (id, group_id, key, label, value, position) VALUES (
  'seed:alpha851-al:technical:capacity',
  'seed:alpha851-al:technical',
  'capacity',
  '{"fa":"تحمل وزن","en":"Weight Capacity"}'::jsonb,
  '{"fa":"۱۵۰ کیلوگرم"}'::jsonb,
  1
);
INSERT INTO public.specification_items (id, group_id, key, label, value, position) VALUES (
  'seed:alpha851-al:technical:dimensions',
  'seed:alpha851-al:technical',
  'dimensions',
  '{"fa":"ابعاد دستگاه","en":"Dimensions"}'::jsonb,
  '{"fa":"طول ۱۰۰ × عرض ۶۶ × ارتفاع ۸۸ سانتی‌متر"}'::jsonb,
  2
);
INSERT INTO public.specification_items (id, group_id, key, label, value, position) VALUES (
  'seed:alpha851-al:technical:frame_material',
  'seed:alpha851-al:technical',
  'frame_material',
  '{"fa":"جنس فریم","en":"Frame Material"}'::jsonb,
  '{"fa":"فولاد و آلومینیوم"}'::jsonb,
  3
);
INSERT INTO public.specification_items (id, group_id, key, label, value, position) VALUES (
  'seed:alpha851-al:technical:finish',
  'seed:alpha851-al:technical',
  'finish',
  '{"fa":"جنس رنگ","en":"Finish"}'::jsonb,
  '{"fa":"الکترواستاتیک پودری"}'::jsonb,
  4
);
INSERT INTO public.specification_items (id, group_id, key, label, value, position) VALUES (
  'seed:alpha851-al:technical:rear_wheel',
  'seed:alpha851-al:technical',
  'rear_wheel',
  '{"fa":"چرخ عقب","en":"Rear Wheel"}'::jsonb,
  '{"fa":"۲۴ اینچ (توپر)"}'::jsonb,
  5
);
INSERT INTO public.specification_items (id, group_id, key, label, value, position) VALUES (
  'seed:alpha851-al:technical:front_wheel',
  'seed:alpha851-al:technical',
  'front_wheel',
  '{"fa":"چرخ جلو","en":"Front Wheel"}'::jsonb,
  '{"fa":"۶ اینچ (توپر)"}'::jsonb,
  6
);
INSERT INTO public.specification_items (id, group_id, key, label, value, position) VALUES (
  'seed:alpha851-al:technical:seat_size',
  'seed:alpha851-al:technical',
  'seat_size',
  '{"fa":"سایز صندلی","en":"Seat Size"}'::jsonb,
  '{"fa":"۴۲ سانتی‌متر"}'::jsonb,
  7
);
INSERT INTO public.specification_items (id, group_id, key, label, value, position) VALUES (
  'seed:alpha851-al:technical:standards',
  'seed:alpha851-al:technical',
  'standards',
  '{"fa":"استانداردها","en":"Standards"}'::jsonb,
  '{"fa":"ISO 13485"}'::jsonb,
  8
);
INSERT INTO public.certifications (id, product_id, name, position) VALUES (
  'seed:alpha851-al:cert:0',
  (SELECT id FROM public.products WHERE slug = 'alpha851-al'),
  'ISO 13485',
  0
);
INSERT INTO public.faq_items (id, product_id, question, answer, position) VALUES (
  'seed:alpha851-al:faq:0',
  (SELECT id FROM public.products WHERE slug = 'alpha851-al'),
  '{"fa":"مدت گارانتی چقدر است؟"}'::jsonb,
  '{"fa":"۱ سال — دستگاه مشمول گارانتی می‌شود در صورتی که دچار سانحه، تصادف، یا آسیب فیزیکی ناشی از استفاده نادرست توسط مشتری نشده باشد (خرابی ناشی از استفاده غلط مشمول گارانتی نمی‌شود)."}'::jsonb,
  0
);
INSERT INTO public.faq_items (id, product_id, question, answer, position) VALUES (
  'seed:alpha851-al:faq:1',
  (SELECT id FROM public.products WHERE slug = 'alpha851-al'),
  '{"fa":"خدمات پس از فروش چگونه است؟"}'::jsonb,
  '{"fa":"ارائه خدمات، تعمیرات و پشتیبانی قطعات به مدت ۵ سال رسمی (به دلیل واردات مستقیم، تأمین قطعات تا ۱۰ الی ۱۵ سال نیز توسط مجموعه امکان‌پذیر است)."}'::jsonb,
  1
);

INSERT INTO public.products (id, slug, category_key, code, name, series, description, short_description, features, status)
VALUES (
  'seed:alpha950',
  'alpha950',
  'MANUAL_WHEELCHAIRS'::public.product_category_key,
  'Alpha-alpha950',
  'ویلچر دستی تاشو آلفا 950',
  NULL,
  '{"fa":"آلفا 950 به عنوان مدل بزرگ‌تر و با صندلی ۵۲ سانتی‌متری، برای کاربرانی با ابعاد بدنی بزرگتر طراحی شده است. وزن ۲۱ کیلوگرمی آن با ساختار مقاوم فولاد و آلومینیوم، تحمل وزن ۱۵۰ کیلوگرم را فراهم کرده و رنگ الکترواستاتیک پودری آن مقاومت بالایی در برابر شرایط محیطی دارد."}'::jsonb,
  '{"fa":"ویلچر دستی تاشو آلفا 950، با صندلی ۵۲ سانتی‌متری و وزن ۲۱ کیلوگرم، شاسی فولاد و آلومینیوم."}'::jsonb,
  '[{"fa":"صندلی ۵۲ سانتی‌متری (بزرگ‌تر از سری ۸۵۰)"},{"fa":"قابلیت تاشوندگی"},{"fa":"زیرآرنجی متحرک و قابل تنظیم"},{"fa":"زیرپایی متحرک"},{"fa":"پشتی ثابت"},{"fa":"کمربند ضربدری (Double Cross Over)"},{"fa":"رنگ الکترواستاتیک پودری مقاوم"}]'::jsonb,
  'PUBLISHED'::public.product_status
) ON CONFLICT (slug) DO UPDATE SET
  category_key = EXCLUDED.category_key,
  code = EXCLUDED.code,
  name = EXCLUDED.name,
  series = EXCLUDED.series,
  description = EXCLUDED.description,
  short_description = EXCLUDED.short_description,
  features = EXCLUDED.features,
  status = EXCLUDED.status;
DELETE FROM public.specification_groups WHERE product_id = (SELECT id FROM public.products WHERE slug = 'alpha950');
DELETE FROM public.certifications      WHERE product_id = (SELECT id FROM public.products WHERE slug = 'alpha950');
DELETE FROM public.faq_items           WHERE product_id = (SELECT id FROM public.products WHERE slug = 'alpha950');
INSERT INTO public.specification_groups (id, product_id, key, label, position) VALUES (
  'seed:alpha950:technical',
  (SELECT id FROM public.products WHERE slug = 'alpha950'),
  'technical',
  '{"fa":"مشخصات فنی","en":"Technical Specifications"}'::jsonb,
  0
);
INSERT INTO public.specification_items (id, group_id, key, label, value, position) VALUES (
  'seed:alpha950:technical:weight',
  'seed:alpha950:technical',
  'weight',
  '{"fa":"وزن","en":"Weight"}'::jsonb,
  '{"fa":"۲۱ کیلوگرم"}'::jsonb,
  0
);
INSERT INTO public.specification_items (id, group_id, key, label, value, position) VALUES (
  'seed:alpha950:technical:capacity',
  'seed:alpha950:technical',
  'capacity',
  '{"fa":"تحمل وزن","en":"Weight Capacity"}'::jsonb,
  '{"fa":"۱۵۰ کیلوگرم"}'::jsonb,
  1
);
INSERT INTO public.specification_items (id, group_id, key, label, value, position) VALUES (
  'seed:alpha950:technical:dimensions',
  'seed:alpha950:technical',
  'dimensions',
  '{"fa":"ابعاد دستگاه","en":"Dimensions"}'::jsonb,
  '{"fa":"طول ۱۰۰ × عرض ۷۰ × ارتفاع ۸۸ سانتی‌متر"}'::jsonb,
  2
);
INSERT INTO public.specification_items (id, group_id, key, label, value, position) VALUES (
  'seed:alpha950:technical:frame_material',
  'seed:alpha950:technical',
  'frame_material',
  '{"fa":"جنس فریم","en":"Frame Material"}'::jsonb,
  '{"fa":"فولاد و آلومینیوم"}'::jsonb,
  3
);
INSERT INTO public.specification_items (id, group_id, key, label, value, position) VALUES (
  'seed:alpha950:technical:finish',
  'seed:alpha950:technical',
  'finish',
  '{"fa":"جنس رنگ","en":"Finish"}'::jsonb,
  '{"fa":"الکترواستاتیک پودری"}'::jsonb,
  4
);
INSERT INTO public.specification_items (id, group_id, key, label, value, position) VALUES (
  'seed:alpha950:technical:rear_wheel',
  'seed:alpha950:technical',
  'rear_wheel',
  '{"fa":"چرخ عقب","en":"Rear Wheel"}'::jsonb,
  '{"fa":"۲۴ اینچ (توپر)"}'::jsonb,
  5
);
INSERT INTO public.specification_items (id, group_id, key, label, value, position) VALUES (
  'seed:alpha950:technical:front_wheel',
  'seed:alpha950:technical',
  'front_wheel',
  '{"fa":"چرخ جلو","en":"Front Wheel"}'::jsonb,
  '{"fa":"۸ اینچ (توپر)"}'::jsonb,
  6
);
INSERT INTO public.specification_items (id, group_id, key, label, value, position) VALUES (
  'seed:alpha950:technical:seat_size',
  'seed:alpha950:technical',
  'seat_size',
  '{"fa":"سایز صندلی","en":"Seat Size"}'::jsonb,
  '{"fa":"۵۲ سانتی‌متر"}'::jsonb,
  7
);
INSERT INTO public.specification_items (id, group_id, key, label, value, position) VALUES (
  'seed:alpha950:technical:standards',
  'seed:alpha950:technical',
  'standards',
  '{"fa":"استانداردها","en":"Standards"}'::jsonb,
  '{"fa":"ISO 13485"}'::jsonb,
  8
);
INSERT INTO public.certifications (id, product_id, name, position) VALUES (
  'seed:alpha950:cert:0',
  (SELECT id FROM public.products WHERE slug = 'alpha950'),
  'ISO 13485',
  0
);
INSERT INTO public.faq_items (id, product_id, question, answer, position) VALUES (
  'seed:alpha950:faq:0',
  (SELECT id FROM public.products WHERE slug = 'alpha950'),
  '{"fa":"مدت گارانتی چقدر است؟"}'::jsonb,
  '{"fa":"۱ سال — دستگاه مشمول گارانتی می‌شود در صورتی که دچار سانحه، تصادف، یا آسیب فیزیکی ناشی از استفاده نادرست توسط مشتری نشده باشد (خرابی ناشی از استفاده غلط مشمول گارانتی نمی‌شود)."}'::jsonb,
  0
);
INSERT INTO public.faq_items (id, product_id, question, answer, position) VALUES (
  'seed:alpha950:faq:1',
  (SELECT id FROM public.products WHERE slug = 'alpha950'),
  '{"fa":"خدمات پس از فروش چگونه است؟"}'::jsonb,
  '{"fa":"ارائه خدمات، تعمیرات و پشتیبانی قطعات به مدت ۵ سال رسمی (به دلیل واردات مستقیم، تأمین قطعات تا ۱۰ الی ۱۵ سال نیز توسط مجموعه امکان‌پذیر است)."}'::jsonb,
  1
);

INSERT INTO public.products (id, slug, category_key, code, name, series, description, short_description, features, status)
VALUES (
  'seed:alpha750',
  'alpha750',
  'MANUAL_WHEELCHAIRS'::public.product_category_key,
  'Alpha-alpha750',
  'ویلچر دستی تاشو آلفا 750',
  NULL,
  '{"fa":"آلفا 750 یک ویلچر دستی فوق‌سبک و ایده‌آل برای کاربرانی است که به دنبال حمل‌ونقل آسان هستند. با وزن تنها ۱۷ کیلوگرم و شاسی ترکیبی فولاد و آلومینیوم، دوام بالایی دارد. چرخ‌های ۱۲ اینچ توپر جلو و عقب، آن را برای جابجایی در فضاهای مختلف بسیار کاربردی کرده و رنگ پودری الکترواستاتیک نیز مقاومت بالایی در برابر خط و خش ایجاد می‌کند."}'::jsonb,
  '{"fa":"ویلچر دستی تاشو آلفا 750، فوق‌سبک با وزن ۱۷ کیلوگرم، شاسی فولاد و آلومینیوم و چرخ‌های ۱۲ اینچ."}'::jsonb,
  '[{"fa":"قابلیت تاشوندگی"},{"fa":"زیرآرنجی متحرک و قابل تنظیم"},{"fa":"زیرپایی متحرک و قابل تنظیم ارتفاع صندلی"},{"fa":"کمربند ضربدری (Double Cross Over)"},{"fa":"رنگ الکترواستاتیک پودری مقاوم"}]'::jsonb,
  'PUBLISHED'::public.product_status
) ON CONFLICT (slug) DO UPDATE SET
  category_key = EXCLUDED.category_key,
  code = EXCLUDED.code,
  name = EXCLUDED.name,
  series = EXCLUDED.series,
  description = EXCLUDED.description,
  short_description = EXCLUDED.short_description,
  features = EXCLUDED.features,
  status = EXCLUDED.status;
DELETE FROM public.specification_groups WHERE product_id = (SELECT id FROM public.products WHERE slug = 'alpha750');
DELETE FROM public.certifications      WHERE product_id = (SELECT id FROM public.products WHERE slug = 'alpha750');
DELETE FROM public.faq_items           WHERE product_id = (SELECT id FROM public.products WHERE slug = 'alpha750');
INSERT INTO public.specification_groups (id, product_id, key, label, position) VALUES (
  'seed:alpha750:technical',
  (SELECT id FROM public.products WHERE slug = 'alpha750'),
  'technical',
  '{"fa":"مشخصات فنی","en":"Technical Specifications"}'::jsonb,
  0
);
INSERT INTO public.specification_items (id, group_id, key, label, value, position) VALUES (
  'seed:alpha750:technical:weight',
  'seed:alpha750:technical',
  'weight',
  '{"fa":"وزن","en":"Weight"}'::jsonb,
  '{"fa":"۱۷ کیلوگرم"}'::jsonb,
  0
);
INSERT INTO public.specification_items (id, group_id, key, label, value, position) VALUES (
  'seed:alpha750:technical:capacity',
  'seed:alpha750:technical',
  'capacity',
  '{"fa":"تحمل وزن","en":"Weight Capacity"}'::jsonb,
  '{"fa":"۱۵۰ کیلوگرم"}'::jsonb,
  1
);
INSERT INTO public.specification_items (id, group_id, key, label, value, position) VALUES (
  'seed:alpha750:technical:dimensions',
  'seed:alpha750:technical',
  'dimensions',
  '{"fa":"ابعاد دستگاه","en":"Dimensions"}'::jsonb,
  '{"fa":"طول ۹۷ × عرض ۵۶ × ارتفاع ۸۹ سانتی‌متر"}'::jsonb,
  2
);
INSERT INTO public.specification_items (id, group_id, key, label, value, position) VALUES (
  'seed:alpha750:technical:frame_material',
  'seed:alpha750:technical',
  'frame_material',
  '{"fa":"جنس فریم","en":"Frame Material"}'::jsonb,
  '{"fa":"فولاد و آلومینیوم"}'::jsonb,
  3
);
INSERT INTO public.specification_items (id, group_id, key, label, value, position) VALUES (
  'seed:alpha750:technical:finish',
  'seed:alpha750:technical',
  'finish',
  '{"fa":"جنس رنگ","en":"Finish"}'::jsonb,
  '{"fa":"الکترواستاتیک پودری"}'::jsonb,
  4
);
INSERT INTO public.specification_items (id, group_id, key, label, value, position) VALUES (
  'seed:alpha750:technical:wheel_type',
  'seed:alpha750:technical',
  'wheel_type',
  '{"fa":"نوع چرخ","en":"Wheel Type"}'::jsonb,
  '{"fa":"چرخ‌های جلو و عقب ۱۲ اینچ (توپر)"}'::jsonb,
  5
);
INSERT INTO public.specification_items (id, group_id, key, label, value, position) VALUES (
  'seed:alpha750:technical:standards',
  'seed:alpha750:technical',
  'standards',
  '{"fa":"استانداردها","en":"Standards"}'::jsonb,
  '{"fa":"ISO 13485"}'::jsonb,
  6
);
INSERT INTO public.certifications (id, product_id, name, position) VALUES (
  'seed:alpha750:cert:0',
  (SELECT id FROM public.products WHERE slug = 'alpha750'),
  'ISO 13485',
  0
);
INSERT INTO public.faq_items (id, product_id, question, answer, position) VALUES (
  'seed:alpha750:faq:0',
  (SELECT id FROM public.products WHERE slug = 'alpha750'),
  '{"fa":"مدت گارانتی چقدر است؟"}'::jsonb,
  '{"fa":"۱ سال — دستگاه مشمول گارانتی می‌شود در صورتی که دچار سانحه، تصادف، یا آسیب فیزیکی ناشی از استفاده نادرست توسط مشتری نشده باشد (خرابی ناشی از استفاده غلط مشمول گارانتی نمی‌شود)."}'::jsonb,
  0
);
INSERT INTO public.faq_items (id, product_id, question, answer, position) VALUES (
  'seed:alpha750:faq:1',
  (SELECT id FROM public.products WHERE slug = 'alpha750'),
  '{"fa":"خدمات پس از فروش چگونه است؟"}'::jsonb,
  '{"fa":"ارائه خدمات، تعمیرات و پشتیبانی قطعات به مدت ۵ سال رسمی (به دلیل واردات مستقیم، تأمین قطعات تا ۱۰ الی ۱۵ سال نیز توسط مجموعه امکان‌پذیر است)."}'::jsonb,
  1
);

INSERT INTO public.products (id, slug, category_key, code, name, series, description, short_description, features, status)
VALUES (
  'seed:personal-sit-to-stand',
  'personal-sit-to-stand',
  'MOBILITY_AIDS'::public.product_category_key,
  'Personal Lift-personal-sit-to-stand',
  'بالابر (لیفت) شخصی الکترونیکی',
  NULL,
  '{"fa":"لیفت شخصی یک دستگاه بالابر فوق‌سبک با وزن ۱۵ کیلوگرم است که به کاربران امکان جابجایی مستقل را فراهم می‌کند. مجهز به اکچویتور ۶۰۰۰ نیوتن برند Linak و دارای قابلیت جابجایی کاربر (User Displacement)، این لیفت برای استفاده در منازل، مراکز مراقبتی و آسایشگاه‌ها ایده‌آل می‌باشد."}'::jsonb,
  '{"fa":"بالابر شخصی (لیفت) الکترونیکی با اکچویتور ۶۰۰۰ نیوتن Linak و منبع تغذیه ۲۲۰ ولت، مناسب برای جابجایی فردی."}'::jsonb,
  '[{"fa":"جابجایی کاربر توسط خود فرد (User Displacement)"},{"fa":"قابلیت اضافه شدن پد دسترسی پشتی قابل جداسازی (Detachable backrest access pad)"},{"fa":"طراحی مناسب برای محیط‌های داخلی"}]'::jsonb,
  'PUBLISHED'::public.product_status
) ON CONFLICT (slug) DO UPDATE SET
  category_key = EXCLUDED.category_key,
  code = EXCLUDED.code,
  name = EXCLUDED.name,
  series = EXCLUDED.series,
  description = EXCLUDED.description,
  short_description = EXCLUDED.short_description,
  features = EXCLUDED.features,
  status = EXCLUDED.status;
DELETE FROM public.specification_groups WHERE product_id = (SELECT id FROM public.products WHERE slug = 'personal-sit-to-stand');
DELETE FROM public.certifications      WHERE product_id = (SELECT id FROM public.products WHERE slug = 'personal-sit-to-stand');
DELETE FROM public.faq_items           WHERE product_id = (SELECT id FROM public.products WHERE slug = 'personal-sit-to-stand');
INSERT INTO public.specification_groups (id, product_id, key, label, position) VALUES (
  'seed:personal-sit-to-stand:technical',
  (SELECT id FROM public.products WHERE slug = 'personal-sit-to-stand'),
  'technical',
  '{"fa":"مشخصات فنی","en":"Technical Specifications"}'::jsonb,
  0
);
INSERT INTO public.specification_items (id, group_id, key, label, value, position) VALUES (
  'seed:personal-sit-to-stand:technical:actuator_type',
  'seed:personal-sit-to-stand:technical',
  'actuator_type',
  '{"fa":"نوع اکچویتور","en":"Actuator Type"}'::jsonb,
  '{"fa":"۶۰۰۰ نیوتن (Linak)"}'::jsonb,
  0
);
INSERT INTO public.specification_items (id, group_id, key, label, value, position) VALUES (
  'seed:personal-sit-to-stand:technical:power_source',
  'seed:personal-sit-to-stand:technical',
  'power_source',
  '{"fa":"منبع تغذیه","en":"Power Source"}'::jsonb,
  '{"fa":"۲۲۰ ولت"}'::jsonb,
  1
);
INSERT INTO public.specification_items (id, group_id, key, label, value, position) VALUES (
  'seed:personal-sit-to-stand:technical:weight',
  'seed:personal-sit-to-stand:technical',
  'weight',
  '{"fa":"وزن دستگاه","en":"Weight"}'::jsonb,
  '{"fa":"۱۵ کیلوگرم"}'::jsonb,
  2
);
INSERT INTO public.specification_items (id, group_id, key, label, value, position) VALUES (
  'seed:personal-sit-to-stand:technical:capacity',
  'seed:personal-sit-to-stand:technical',
  'capacity',
  '{"fa":"تحمل وزن","en":"Weight Capacity"}'::jsonb,
  '{"fa":"۱۵۰ کیلوگرم"}'::jsonb,
  3
);
INSERT INTO public.specification_items (id, group_id, key, label, value, position) VALUES (
  'seed:personal-sit-to-stand:technical:standards',
  'seed:personal-sit-to-stand:technical',
  'standards',
  '{"fa":"استانداردها","en":"Standards"}'::jsonb,
  '{"fa":"ISO 13485"}'::jsonb,
  4
);
INSERT INTO public.certifications (id, product_id, name, position) VALUES (
  'seed:personal-sit-to-stand:cert:0',
  (SELECT id FROM public.products WHERE slug = 'personal-sit-to-stand'),
  'ISO 13485',
  0
);
INSERT INTO public.faq_items (id, product_id, question, answer, position) VALUES (
  'seed:personal-sit-to-stand:faq:0',
  (SELECT id FROM public.products WHERE slug = 'personal-sit-to-stand'),
  '{"fa":"مدت گارانتی چقدر است؟"}'::jsonb,
  '{"fa":"۱ سال — دستگاه مشمول گارانتی می‌شود در صورتی که دچار سانحه، تصادف، یا آسیب فیزیکی ناشی از استفاده نادرست توسط مشتری نشده باشد (خرابی ناشی از استفاده غلط مشمول گارانتی نمی‌شود)."}'::jsonb,
  0
);
INSERT INTO public.faq_items (id, product_id, question, answer, position) VALUES (
  'seed:personal-sit-to-stand:faq:1',
  (SELECT id FROM public.products WHERE slug = 'personal-sit-to-stand'),
  '{"fa":"خدمات پس از فروش چگونه است؟"}'::jsonb,
  '{"fa":"ارائه خدمات، تعمیرات و پشتیبانی قطعات به مدت ۵ سال رسمی (به دلیل واردات مستقیم، تأمین قطعات تا ۱۰ الی ۱۵ سال نیز توسط مجموعه امکان‌پذیر است)."}'::jsonb,
  1
);

-- migration_log
INSERT INTO public.migration_log (id, status, batch_name, total_records, processed_records, notes) VALUES (
  'phase5-seed-' || to_char(now(), 'YYYYMMDDHH24MISS'),
  'completed', 'phase5_seed_data',
  24,
  24,
  'Phase 5 — Data Import (products + categories + company profile)'
);

COMMIT;
